booking_number,name,closest_name
149307095568,SHENZHEN YAMAHA MUSIC&ELECTRONICS T,SHENZHEN VANOCEAN INTERNATIONAL FREIGHT LIMITED
142303525862,"YAMAHA MUSIC LATIN AMERICA,S.A.",Fr. Meyer's Sohn North America LLC
149400427010,YAMAHA CORPORATION,Yamaha Corporation
080400094982,YAMAHA CORPORATION C/O MOL LOGISTIC,Yamaha Corporation
080300600495,YAMAHA CORPORATION,Yamaha Corporation
130400004185,HADDAD APPAREL GROUP LTD,Lollytogs LTD DBA LT Apparel Group
240300067545,HADDAD APPAREL,Comint Apparel
080400024780,YAMAHA CORPORATION,Yamaha Corporation
236400103740,"HADDAD APPAREL GROUP, LTD",Lollytogs LTD DBA LT Apparel Group
142354183306,"HADDAD APPAREL GROUP, LTD131 DOCKS",Lollytogs LTD DBA LT Apparel Group
080300552776,YAMAHA MUSIC ELECTRONICS CHINA,UBILogistics (China) Limited
145399011355,SUNSET WEST,North West Grains
141400090443,YAMAHA MUSIC VIETNAM COMPANY LIMITE,The Proctor & Gamble Company
093300364432,YAMAHA MUSIC PHILIPPINES INC,DSV Air & Sea Inc.
081400006020,XIAOSHAN YAMAHA MUSICAL INSTRUMENTC,Yamaha Corporation
146400149759,SUNSET WEST,North West Grains
093400077737,YAMAHA MUSIC & ELECTRONICS TAIWAN,Yamaha Corporation
240400003077,HADDAD APPAREL,Comint Apparel
010400082029,PT YAMAHA MUSIC MANUFACTURING ASIA,CIE Manufacturing
142354183420,"HADDAD APPAREL GROUP, LTD131 DOCKS",Lollytogs LTD DBA LT Apparel Group
080400014288,YAMAHA MUSIC (MALAYSIA) SDN.BHD,Yamaha Corporation
142400307076,"SIAM MUSIC YAMAHA CO., LTD",Yamaha Motor Co. LTD
141400013287,TO ORDER,Sea Cargo s.r.o
080400104652,YAMAHA CORPORATION C/O MOL LOGISTIC,Yamaha Corporation
149401091155,HOOKER FURNITURE CORPORATION,AISIN CORPORATION
130400006412,HADDAD APPAREL GROUP LTD,Lollytogs LTD DBA LT Apparel Group
236300483028,"HADDAD APPAREL GROUP, LTD",Lollytogs LTD DBA LT Apparel Group
091330614457,YAMAHA CORPORATION,Yamaha Corporation
080400054603,YAMAHA CORPORATION,Yamaha Corporation
010400091150,YAMAHA CORPORATION,Yamaha Corporation
235301476019,"HADDAD APPAREL GROUP, LTD",Lollytogs LTD DBA LT Apparel Group
149307791742,HOOKER FURNITURE CORPORATION,AISIN CORPORATION
142400181145,PT YAMAHA INDONESIA JL.,Yamaha Corporation
238400059208,"HADDAD APPAREL GROUP, LTD",Lollytogs LTD DBA LT Apparel Group
149400305755,YAMAHA CORPORATION,Yamaha Corporation
081400031016,YAMAHA CORPORATION JAPAN,Yamaha Corporation
149307834638,YAMAHA CORPORATION,Yamaha Corporation
010400116811,YAMAHA CORPORATION,Yamaha Corporation
238300141336,"HADDAD APPAREL GROUP, LTD",Lollytogs LTD DBA LT Apparel Group
130400004185,HADDAD APPAREL GROUP LTD,Lollytogs LTD DBA LT Apparel Group
091330558191,"TOM LEE MUSIC CO.,LTD","ANHUI TECHNOLOGY IMPORT AND EXPORT CO,.LTD."
081400006012,XIAOSHAN YAMAHA MUSICAL INSTRUMENTC,Yamaha Corporation
149307377130,HOOKER FURNITURE CORPORATION,AISIN CORPORATION
143451567308,TO ORDER,Sea Cargo s.r.o
080300532562,YAMAHA CORPORATION JAPAN,Yamaha Corporation
080400091029,XIAOSHAN YAMAHA MUSICAL,Yamaha Corporation
101400011722,YAMAHA MUSICAL DO BRASIL LTDA,What Do You Meme
143451581769,"SIAM MUSIC YAMAHA CO., LTD",Yamaha Motor Co. LTD
093400045992,YAMAHA MUSICAL DO BRASIL LTDA.,What Do You Meme
080400088044,TOM LEE,Sea Cargo s.r.o
080400054590,YAMAHA CORPORATION,Yamaha Corporation
081400028775,YAMAHA CORPORATION,Yamaha Corporation
080300539117,YAMAHA CORPORATION C/O MOL LOGISTIC,Yamaha Corporation
080400062983,YAMAHA DE MEXICO S.A. DE C.V.,Truper S.A. DE C.V.
130400004304,HADDAD APPAREL GROUP LTD,Lollytogs LTD DBA LT Apparel Group
147301144102,YAMAHA CORPORATION,Yamaha Corporation
081400056281,YAMAHA CORPORATION JAPAN,Yamaha Corporation
149308390432,PT.YAMAHA ELECTRONICS MANUFACTURING,CIE Manufacturing
080300522044,YAMAHA CORPORATION OF AMERICA,Yamaha Corporation
080400037474,SIAM MUSIC YAMAHA CO. LTD,Yamaha Motor Co. LTD
130400008245,HADDAD APPAREL GROUP LTD,Lollytogs LTD DBA LT Apparel Group
080300587146,YAMAHA CORPORATION OF AMERICA,Yamaha Corporation
010400116837,YAMAHA CORPORATION,Yamaha Corporation
010301281309,YAMAHA ELECTRONICS MANUFACTURING(M),CIE Manufacturing
010400091249,YAMAHA CORPORATION,Yamaha Corporation
235301394781,HOOKER FURNITURE,Furniture Values International LLC
080400065282,YAMAHA CORPORATION OF AMERICA,Yamaha Corporation
143451567782,"YAMAHA MUSIC AUSTRALIA PTY., LTD.",Manildra Flour Mills PTY LTD
080400020806,"TOM LEE MUSIC CO., LTD.","ANHUI TECHNOLOGY IMPORT AND EXPORT CO,.LTD."
093300383712,YAMAHA MUSIC VIETNAM COMPANY LIMITE,The Proctor & Gamble Company
080400024780,YAMAHA CORPORATION,Yamaha Corporation
238400050286,"HADDAD APPAREL GROUP, LTD",Lollytogs LTD DBA LT Apparel Group
080400016442,YAMAHA CORPORATION OF AMERICA,Yamaha Corporation
149307366260,PT.YAMAHA ELECTRONICS MANUFACTURING,CIE Manufacturing
081300241647,YAMAHA DE MEXICO S.A DE C.V,Truper S.A. DE C.V.
142453215699,"HADDAD APPAREL GROUP, LTD131 DOCKS",Lollytogs LTD DBA LT Apparel Group
145499001980,SUNSET WEST,North West Grains
240400003077,HADDAD APPAREL,Comint Apparel
080400024470,YAMAHA CORPORATION,Yamaha Corporation
149308647921,SHENZHEN YAMAHA MUSIC&ELECTRONICS T,SHENZHEN VANOCEAN INTERNATIONAL FREIGHT LIMITED
130400010169,HADDAD APPAREL GROUP LTD,Lollytogs LTD DBA LT Apparel Group
080300532325,SIAM MUSIC YAMAHA CO. LTD,Yamaha Motor Co. LTD
142400603996,YAMAHA MUSIC (ASIA) PRIVATE LIMITED,Super Auto Forge Private Limited
236400070795,"HADDAD APPAREL GROUP, LTD",Lollytogs LTD DBA LT Apparel Group
080400072067,YAMAHA MUSIC & ELECTRONICS TAIWAN C,Yamaha Corporation
093300355549,"YAMAHA MUSIC LATIN AMERICA, S.A.",Fr. Meyer's Sohn North America LLC
146301018745,YAMAHA CORPORATION,Yamaha Corporation
080300587146,YAMAHA CORPORATION OF AMERICA,Yamaha Corporation
149401161200,YAMAHA CORPORATION,Yamaha Corporation
240300066069,HADDAD APPAREL,Comint Apparel
235301476019,"HADDAD APPAREL GROUP, LTD",Lollytogs LTD DBA LT Apparel Group
080300552938,YAMAHA DE MEXICO S.A. DE C.V.,Truper S.A. DE C.V.
080400022922,"YAMAHA MUSIC LATIN AMERICA,S.A.",Fr. Meyer's Sohn North America LLC
142400018121,YAMAHA DE MEXICO S.A. DE C.V.,Truper S.A. DE C.V.
080300597249,XIAOSHAN YAMAHA MUSICAL,Yamaha Corporation
080400054620,XIAOSHAN YAMAHA MUSICAL,Yamaha Corporation
240300067545,HADDAD APPAREL,Comint Apparel
080400022982,YAMAHA CORPORATION OF AMERICA,Yamaha Corporation
237400093483,YAMAHA CORPORATION,Yamaha Corporation
238300149752,"HADDAD APPAREL GROUP, LTD",Lollytogs LTD DBA LT Apparel Group
082400016741,"HADDAD APPAREL GROUP, LTD",Lollytogs LTD DBA LT Apparel Group
149400933454,PT.YAMAHA ELECTRONICS MANUFACTURING,CIE Manufacturing
093400051232,YAMAHA MUSIC GULF FZE,Yamaha Corporation
080400037474,SIAM MUSIC YAMAHA CO. LTD,Yamaha Motor Co. LTD
240300066069,HADDAD APPAREL,Comint Apparel
080400017813,YAMAHA CORPORATION,Yamaha Corporation
091400110339,YAMAHA CORPORATION,Yamaha Corporation
235301562080,"HADDAD APPAREL GROUP, LTD",Lollytogs LTD DBA LT Apparel Group
141400149910,"YAMAHA MUSIC LATIN AMERICA,S.A.",Fr. Meyer's Sohn North America LLC
147400070549,YAMAHA CORPORATION,Yamaha Corporation
130400003006,HADDAD APPAREL GROUP LTD,Lollytogs LTD DBA LT Apparel Group
010400150105,YAMAHA ELECTRONICS MANUFACTURING(M),CIE Manufacturing
080400022982,YAMAHA CORPORATION OF AMERICA,Yamaha Corporation
091400110321,YAMAHA CORPORATION,Yamaha Corporation
142400144444,PT.YAMAHA ELECTRONICS MANUFACTURING,CIE Manufacturing
093300355549,"YAMAHA MUSIC LATIN AMERICA, S.A.",Fr. Meyer's Sohn North America LLC
081400001885,XIAOSHAN YAMAHA MUSICAL INSTRUMENTC,Yamaha Corporation
142303200271,YAMAHA MUSIC PHILIPPINES INC.,DSV Air & Sea Inc.
142453215711,"HADDAD APPAREL GROUP, LTD131 DOCKS",Lollytogs LTD DBA LT Apparel Group
080400024292,YAMAHA CORPORATION OF AMERICA,Yamaha Corporation
141400090443,YAMAHA MUSIC VIETNAM COMPANY LIMITE,The Proctor & Gamble Company
142400612987,PT.YAMAHA ELECTRONICS MANUFACTURING,CIE Manufacturing
149400257734,PT.YAMAHA ELECTRONICS MANUFACTURING,CIE Manufacturing
149400728389,HOOKER FURNITURE CORPORATION,AISIN CORPORATION
141400090443,YAMAHA MUSIC VIETNAM COMPANY LIMITE,The Proctor & Gamble Company
093400078156,YAMAHA MUSICAL DO BRASIL LTDA.,What Do You Meme
080300587154,YAMAHA CORPORATION OF AMERICA,Yamaha Corporation
149401091155,HOOKER FURNITURE CORPORATION,AISIN CORPORATION
146400135090,YAMAHA DE MEXICO S.A. DE C.V.,Truper S.A. DE C.V.
235301394772,HOOKER FURNITURE,Furniture Values International LLC
080300597699,YAMAH,Sea Cargo s.r.o
142302942818,PT.YAMAHA ELECTRONICS MANUFACTURING,CIE Manufacturing
081400031024,YAMAHA CORPORATION JAPAN,Yamaha Corporation
010400081936,YAMAHA ELECTRONICS MANUFACTURING(M),CIE Manufacturing
236300468967,"HADDAD APPAREL GROUP, LTD",Lollytogs LTD DBA LT Apparel Group
080400054930,YAMAHA MUSIC INDIA PRIVATE LIMITED,Super Auto Forge Private Limited
081400056159,YAMAHA DE MEXICO,Truper S.A. DE C.V.
080400024313,YAMAHA CORPORATION OF AMERICA,Yamaha Corporation
237300460468,YAMAHA CORPORATION,Yamaha Corporation
145399011622,SUNSET WEST,North West Grains
081400025962,YAMAHA CORPORATION,Yamaha Corporation
080300587189,YAMAHA CORPORATION OF AMERICA,Yamaha Corporation
010301339544,YAMAHA CORPORATION,Yamaha Corporation
080400024488,YAMAHA CORPORATION,Yamaha Corporation
010400091443,YAMAHA CORPORATION,Yamaha Corporation
235301429517,HOOKER FURNITURE,Furniture Values International LLC
080400065303,YAMAHA CORPORATION OF AMERICA,Yamaha Corporation
149307921590,YAMAHA CORPORATION,Yamaha Corporation
080400047976,YAMAHA CORPORATION,Yamaha Corporation
010301281309,YAMAHA ELECTRONICS MANUFACTURING(M),CIE Manufacturing
130400006412,HADDAD APPAREL GROUP LTD,Lollytogs LTD DBA LT Apparel Group
141300906302,YAMAHA DE MEXICO S.A. DE C.V.,Truper S.A. DE C.V.
130400010169,HADDAD APPAREL GROUP LTD,Lollytogs LTD DBA LT Apparel Group
145399011479,SUNSET WEST,North West Grains
145399012092,SUNSET WEST,North West Grains
149308576268,YAMAHA MUSIC (MALAYSIA) SDN. BHD,Yamaha Corporation
093300383462,YAMAHA MUSIC & ELECTRONICS TAIWAN,Yamaha Corporation
142453215745,"HADDAD APPAREL GROUP, LTD131 DOCKS",Lollytogs LTD DBA LT Apparel Group
080400091011,XIAOSHAN YAMAHA MUSICAL,Yamaha Corporation
142303545570,YAMAHA DE MEXICO S.A. DE C.V.,Truper S.A. DE C.V.
080400004712,YAMAHA MUSIC MANUFACTURING JAPAN CO,Yamaha Motor Co. LTD
080300573447,YAMAHA MUSICAL DO BRASIL LTDA.,What Do You Meme
080400024283,YAMAHA CORPORATION OF AMERICA,Yamaha Corporation
149400247640,SHENZHEN YAMAHA MUSIC&ELECTRONICS T,SHENZHEN VANOCEAN INTERNATIONAL FREIGHT LIMITED
142400304654,"YAMAHA MUSIC LATIN AMERICA,S.A.",Fr. Meyer's Sohn North America LLC
080400099836,YAMAHA CORPORATION C/O MOL LOGISTIC,Yamaha Corporation
080400065273,YAMAHA CORPORATION OF AMERICA,Yamaha Corporation
093400046017,"YAMAHA MUSIC LATIN AMERICA, S.A.",Fr. Meyer's Sohn North America LLC
080300573099,YAMAHA CORPORATION OF AMERICA,Yamaha Corporation
145399012106,SUNSET WEST,North West Grains
141400068812,YAMAHA MUSICAL DO BRASIL LTDA.,What Do You Meme
081400033647,YAMAHA DE MEXICO,Truper S.A. DE C.V.
080300595149,YAMAHA CANADA MUSIC LTD. VANCOUVER,Yamaha Motor Co. LTD
080400100273,YAMAHA MUSIC ELECTRONICS TAIWAN,Yamaha Corporation
130400006439,HADDAD APPAREL GROUP LTD,Lollytogs LTD DBA LT Apparel Group
149400257734,PT.YAMAHA ELECTRONICS MANUFACTURING,CIE Manufacturing
149307834638,YAMAHA CORPORATION,Yamaha Corporation
149307618846,YAMAHA CORPORATION,Yamaha Corporation
080300489845,YAMAHA MUSIC ELECTRONICS CHINA,UBILogistics (China) Limited
080300597249,XIAOSHAN YAMAHA MUSICAL,Yamaha Corporation
081300237895,XIAOSHAN YAMAHA MUSICAL INSTRUMENTC,Yamaha Corporation
080400012463,YAMAHA CANADA MUSIC LTD. VANCOUVER,Yamaha Motor Co. LTD
235301429517,HOOKER FURNITURE,Furniture Values International LLC
093300355557,"YAMAHA MUSIC LATIN AMERICA, S.A.",Fr. Meyer's Sohn North America LLC
149308390432,PT.YAMAHA ELECTRONICS MANUFACTURING,CIE Manufacturing
080300573404,YAMAHA MUSIC INDIA PRIVATE LIMITED,Super Auto Forge Private Limited
091330610002,YAMAHA MUSIC GULF FZE,Yamaha Corporation
149307516602,YAMAHA MUSIC (MALAYSIA) SDN. BHD,Yamaha Corporation
149307786978,YAMAHA CORPORATION,Yamaha Corporation
081300240862,YAMAHA CORPORATION C/O MOL LOGISTIC,Yamaha Corporation
081400031008,YAMAHA CORPORATION JAPAN,Yamaha Corporation
080300595157,YAMAHA CORPORATION JAPAN,Yamaha Corporation
142303085196,YAMAHA DE MEXICO S.A. DE C.V.,Truper S.A. DE C.V.
145399011622,SUNSET WEST,North West Grains
093300387505,"YAMAHA MUSIC LATIN AMERICA, S.A.",Fr. Meyer's Sohn North America LLC
081400057414,YAMAHA MUSIC & ELECTRONICS TAIWAN C,Yamaha Corporation
010301128659,YAMAHA CORPORATION,Yamaha Corporation
080300584678,YAMAHA CORPORATION,Yamaha Corporation
082400001026,"HADDAD APPAREL GROUP, LTD",Lollytogs LTD DBA LT Apparel Group
080400009926,YAMAHA CORPORATION C/O MOL LOGISTIC,Yamaha Corporation
080400074418,YAMAHA MUSIC GULF FZE,Yamaha Corporation
237300441129,YAMAHA CORPORATION C/O SEIWA INTERN,Yamaha Corporation
143351887246,"YAMAHA MUSIC AUSTRALIA PTY., LTD.",Manildra Flour Mills PTY LTD
093300355557,"YAMAHA MUSIC LATIN AMERICA, S.A.",Fr. Meyer's Sohn North America LLC
080400065231,YAMAHA CORPORATION OF AMERICA,Yamaha Corporation
081400056192,YAMAHA DE MEXICO,Truper S.A. DE C.V.
143451589077,YAMAHA MUSIC AUSTRALIA PTY. LTD.,Manildra Flour Mills PTY LTD
080300599446,YAMAHA CORPORATION JAPAN,Yamaha Corporation
080300597664,YAMAH,Sea Cargo s.r.o
147400070549,YAMAHA CORPORATION,Yamaha Corporation
093300378492,YAMAHA MUSIC & ELECTRONICS TAIWAN,Yamaha Corporation
149307772829,PT.YAMAHA ELECTRONICS MANUFACTURING,CIE Manufacturing
080400083361,YAMAHA CORPORATION OF AMERICA,Yamaha Corporation
142303103429,"YAMAHA MUSIC LATIN AMERICA S.A.,",Fr. Meyer's Sohn North America LLC
237300441129,YAMAHA CORPORATION C/O SEIWA INTERN,Yamaha Corporation
149307886603,HOOKER FURNITURE CORPORATION,AISIN CORPORATION
237300467195,YAMAHA CORPORATION,Yamaha Corporation
149400933462,PT.YAMAHA ELECTRONICS MANUFACTURING,CIE Manufacturing
142400574032,PT.YAMAHA MUSIK INDONESIA DISTRIBUT,Yamaha Corporation
010400091419,YAMAHA CORPORATION,Yamaha Corporation
081400001885,XIAOSHAN YAMAHA MUSICAL INSTRUMENTC,Yamaha Corporation
091330603642,YAMAHA MUSIC & ELECTRONICS TAIWAN C,Yamaha Corporation
080400042028,YAMAHA CANADA MUSIC LTD. VANCOUVER,Yamaha Motor Co. LTD
080300528662,YAMAHA CORPORATION,Yamaha Corporation
237300462100,YAMAHA CORPORATION,Yamaha Corporation
149307832619,YAMAHA CORPORATION OF AMERICA,Yamaha Corporation
238300149752,"HADDAD APPAREL GROUP, LTD",Lollytogs LTD DBA LT Apparel Group
240400008630,HADDAD,Haddad Brands
142400307653,YAMAHA MUSIC & ELECTRONICS TAIWAN C,Yamaha Corporation
142303531463,YAMAHA MUSIC (ASIA) PRIVATE LIMITED,Super Auto Forge Private Limited
080400072113,YAMAHA MUSICAL DO BRASIL LTDA.,What Do You Meme
081400033922,YAMAHA MUSICAL DO BRASIL LTDA.,What Do You Meme
235301354134,HOOKER FURNITURE,Furniture Values International LLC
236300461512,"HADDAD APPAREL GROUP, LTD",Lollytogs LTD DBA LT Apparel Group
093400039886,YAMAHA DE MEXICO S.A.,Truper S.A. DE C.V.
141400012965,YAMAHA DE MEXICO S.A. DE C.V.,Truper S.A. DE C.V.
093300387513,"YAMAHA MUSIC LATIN AMERICA, S.A.",Fr. Meyer's Sohn North America LLC
142400577669,"SIAM MUSIC YAMAHA CO., LTD",Yamaha Motor Co. LTD
080400075490,YAMAHA CORPORATION,Yamaha Corporation
080300600649,YAMAHA MUSIC ELECTRONICS CHINA,UBILogistics (China) Limited
093300383712,YAMAHA MUSIC VIETNAM COMPANY LIMITE,The Proctor & Gamble Company
081300248412,YAMAHA MUSICAL DO BRASIL LTDA.,What Do You Meme
081400056094,YAMAHA MUSICAL DO BRASIL LTDA.,What Do You Meme
130400008245,HADDAD APPAREL GROUP LTD,Lollytogs LTD DBA LT Apparel Group
146400133054,SUNSET WEST,North West Grains
080400039558,YAMAHA CORPORATION JAPAN,Yamaha Corporation
149307716635,HOOKER FURNITURE CORPORATION,AISIN CORPORATION
080400014423,YAMAHA CANADA MUSIC LTD. VANCOUVER,Yamaha Motor Co. LTD
130400006439,HADDAD APPAREL GROUP LTD,Lollytogs LTD DBA LT Apparel Group
080400094974,YAMAHA CORPORATION,Yamaha Corporation
080400037491,YAMAHA CORPORATION C/O MOL LOGISTIC,Yamaha Corporation
091400110380,YAMAHA CORPORATION,Yamaha Corporation
080400054654,XIAOSHAN YAMAHA MUSICAL,Yamaha Corporation
142354183306,"HADDAD APPAREL GROUP, LTD131 DOCKS",Lollytogs LTD DBA LT Apparel Group
237400096342,YAMAHA CORPORATION,Yamaha Corporation
093400046025,"YAMAHA MUSIC LATIN AMERICA, S.A.",Fr. Meyer's Sohn North America LLC
080300587171,YAMAHA CORPORATION OF AMERICA,Yamaha Corporation
237400134058,YAMAHA MUSIC MANUFACTURING JAPAN CO,Yamaha Motor Co. LTD
010400087012,YAMAHA CORPORATION,Yamaha Corporation
081300261452,YAMAHA MUSICAL DO BRASIL LTDA.,What Do You Meme
235400068636,HOOKER FURNITURE,Furniture Values International LLC
080400024542,YAMAHA MUSIC & ELECTRONICS TAIWAN C,Yamaha Corporation
149308577248,YAMAHA MUSIC INDIA PRIVATE LIMITED,Super Auto Forge Private Limited
141400013015,"SIAM MUSIC YAMAHA CO., LTD",Yamaha Motor Co. LTD
080300528590,XIAOSHAN YAMAHA MUSICAL,Yamaha Corporation
080300508106,YAMAHA CORPORATION C/O MOL LOGISTIC,Yamaha Corporation
149307618871,YAMAHA CORPORATION,Yamaha Corporation
081400027540,YAMAHA CORPORATION C/O MOL LOGISTIC,Yamaha Corporation
143458850056,YAMAHA MUSIC GULF FZE,Yamaha Corporation
130400004185,HADDAD APPAREL GROUP LTD,Lollytogs LTD DBA LT Apparel Group
080400065320,YAMAHA CORPORATION OF AMERICA,Yamaha Corporation
142400313972,"SIAM MUSIC YAMAHA CO., LTD.",Yamaha Motor Co. LTD
093400046025,"YAMAHA MUSIC LATIN AMERICA, S.A.",Fr. Meyer's Sohn North America LLC
081300269215,YAMAHA CORPORATION,Yamaha Corporation
080300504798,YAMAHA CORPORATION OF AMERICA,Yamaha Corporation
080400090979,XIAOSHAN YAMAHA MUSICAL,Yamaha Corporation
081400002032,YAMAHA DE MEXICO,Truper S.A. DE C.V.
235301429487,HOOKER FURNITURE,Furniture Values International LLC
093400039878,YAMAHA DE MEXICO S.A.,Truper S.A. DE C.V.
149307772829,PT.YAMAHA ELECTRONICS MANUFACTURING,CIE Manufacturing
149400427010,YAMAHA CORPORATION,Yamaha Corporation
145499001182,SUNSET WEST,North West Grains
010400158785,YAMAHA CORPORATION,Yamaha Corporation
080400089997,YAMAHA CORPORATION,Yamaha Corporation
080300570073,YAMAHA CANADA MUSIC LTD.,Yamaha Motor Co. LTD
235400068636,HOOKER FURNITURE,Furniture Values International LLC
149400808463,HOOKER FURNITURE CORPORATION,AISIN CORPORATION
080400012463,YAMAHA CANADA MUSIC LTD. VANCOUVER,Yamaha Motor Co. LTD
142303079200,"YAMAHA MUSIC LATIN AMERICA,S.A.",Fr. Meyer's Sohn North America LLC
010400010460,YAMAHA ELECTRONICS MANUFACTURING(M),CIE Manufacturing
240400003077,HADDAD APPAREL,Comint Apparel
235301354134,HOOKER FURNITURE,Furniture Values International LLC
149400023164,YAMAHA CORPORATION,Yamaha Corporation
238400056382,"HADDAD APPAREL GROUP, LTD",Lollytogs LTD DBA LT Apparel Group
149307618846,YAMAHA CORPORATION,Yamaha Corporation
093400026024,YAMAHA MUSIC & ELECTRONICS TAIWAN,Yamaha Corporation
142400363732,PT.YAMAHA ELECTRONICS MANUFACTURING,CIE Manufacturing
010301110920,PT.YAMAHA ELECTRONICS MFG. INDONESI,Yamaha Corporation
149400350238,YAMAHA DE MEXICO S.A.DE C.V.,Truper S.A. DE C.V.
080300597664,YAMAH,Sea Cargo s.r.o
149400076021,HOOKER FURNITURE CORPORATION,AISIN CORPORATION
145399012106,SUNSET WEST,North West Grains
149401082067,"HADDAD APPAREL GROUP, LTD",Lollytogs LTD DBA LT Apparel Group
080300595157,YAMAHA CORPORATION JAPAN,Yamaha Corporation
093400038898,YAMAHA MUSIC & ELECTRONICS TAIWAN,Yamaha Corporation
093300387492,"YAMAHA MUSIC LATIN AMERICA, S.A.",Fr. Meyer's Sohn North America LLC
143451598360,"YAMAHA MUSIC AUSTRALIA PTY., LTD.",Manildra Flour Mills PTY LTD
130400012374,HADDAD APPAREL GROUP LTD,Lollytogs LTD DBA LT Apparel Group
238400063809,"HADDAD APPAREL GROUP, LTD",Lollytogs LTD DBA LT Apparel Group
145399012092,SUNSET WEST,North West Grains
093300387513,"YAMAHA MUSIC LATIN AMERICA, S.A.",Fr. Meyer's Sohn North America LLC
235301429517,HOOKER FURNITURE,Furniture Values International LLC
080300573472,YAMAHA MUSIC (MALAYSIA) SDN.BHD,Yamaha Corporation
147301284435,YAMAHA CORPORATION,Yamaha Corporation
080400030143,YAMAHA DE MEXICO S.A. DE C.V.,Truper S.A. DE C.V.
142303557454,"YAMAHA MUSIC LATIN AMERICA S.A.,",Fr. Meyer's Sohn North America LLC
081300269878,YAMAHA CORPORATION,Yamaha Corporation
142303060372,YAMAHA MUSIC (ASIA) PRIVATE LIMITED,Super Auto Forge Private Limited
080300532962,YAMAHA CORPORATION OF AMERICA,Yamaha Corporation
010301128667,YAMAHA CORPORATION,Yamaha Corporation
141400013058,YAMAHA MUSIC GULF FZE,Yamaha Corporation
080400024470,YAMAHA CORPORATION,Yamaha Corporation
149401245926,HOOKER FURNITURE CORPORATION,AISIN CORPORATION
010400149727,YAMAHA CORPORATION,Yamaha Corporation
091330603642,YAMAHA MUSIC & ELECTRONICS TAIWAN C,Yamaha Corporation
082400016741,"HADDAD APPAREL GROUP, LTD",Lollytogs LTD DBA LT Apparel Group
081400002008,YAMAHA MUSIC LATIN AMERICA,Fr. Meyer's Sohn North America LLC
143351914146,"YAMAHA MUSIC AUSTRALIA PTY., LTD.",Manildra Flour Mills PTY LTD
142400509558,YAMAHA DE MEXICO S.A. DE C.V.,Truper S.A. DE C.V.
093400083559,YAMAHA MUSIC PHILIPPINES INC,DSV Air & Sea Inc.
141300928950,YAMAHA MUSIC (MALAYSIA) SDN.BHD,Yamaha Corporation
142400307963,YAMAHA DE MEXICO S.A. DE C.V.,Truper S.A. DE C.V.
081400029372,YAMAHA DE MEXICO S.A DE C.V,Truper S.A. DE C.V.
149401302920,"HADDAD APPAREL GROUP, LTD",Lollytogs LTD DBA LT Apparel Group
080300568192,YAMAHA CORPORATION,Yamaha Corporation
091330603650,YAMAHA MUSIC LATIN AMERICA,Fr. Meyer's Sohn North America LLC
237300460433,YAMAHA CORPORATION C/O SEIWA INTERN,Yamaha Corporation
238400050872,"HADDAD APPAREL GROUP, LTD",Lollytogs LTD DBA LT Apparel Group
081300248650,YAMAHA DE MEXICO,Truper S.A. DE C.V.
142453215508,"HADDAD APPAREL GROUP, LTD131 DOCKS",Lollytogs LTD DBA LT Apparel Group
080400065282,YAMAHA CORPORATION OF AMERICA,Yamaha Corporation
093300355549,"YAMAHA MUSIC LATIN AMERICA, S.A.",Fr. Meyer's Sohn North America LLC
147400196909,YAMAHA CORPORATION,Yamaha Corporation
080400104813,YAMAHA CORPORATION,Yamaha Corporation
081300248366,YAMAHA MUSICAL DO BRASIL LTDA.,What Do You Meme
142303086622,YAMAHA MUSIC (ASIA) PRIVATE LIMITED,Super Auto Forge Private Limited
149308390598,YAMAHA CORPORATION,Yamaha Corporation
237400128694,YAMAHA CORPORATION,Yamaha Corporation
081400011848,YAMAHA CORPORATION JAPAN,Yamaha Corporation
142400255793,PT.YAMAHA MUSIK INDONESIA DISTRIBUT,Yamaha Corporation
093300387068,YAMAHA DE MEXICO S.A.,Truper S.A. DE C.V.
141400013198,YAMAHA CORPORATION C/O MOL LOGISTIC,Yamaha Corporation
082400001026,"HADDAD APPAREL GROUP, LTD",Lollytogs LTD DBA LT Apparel Group
142453215745,"HADDAD APPAREL GROUP, LTD131 DOCKS",Lollytogs LTD DBA LT Apparel Group
080400067918,YAMAHA CORPORATION JAPAN,Yamaha Corporation
142400574032,PT.YAMAHA MUSIK INDONESIA DISTRIBUT,Yamaha Corporation
080400012480,YAMAHA MUSICAL DO BRASIL LTDA.,What Do You Meme
142302942842,YAMAHA MUSIC PHILIPPINES INC.,DSV Air & Sea Inc.
080400090634,YAMAHA MUSIC ELECTRONICS CHINA,UBILogistics (China) Limited
081300257608,YAMAHA CORPORATION,Yamaha Corporation
081400031024,YAMAHA CORPORATION JAPAN,Yamaha Corporation
149401122417,HOOKER FURNITURE CORPORATION,AISIN CORPORATION
081400006020,XIAOSHAN YAMAHA MUSICAL INSTRUMENTC,Yamaha Corporation
238300141328,"HADDAD APPAREL GROUP, LTD",Lollytogs LTD DBA LT Apparel Group
081400027540,YAMAHA CORPORATION C/O MOL LOGISTIC,Yamaha Corporation
080300545320,YAMAHA MUSIC GULF FZE,Yamaha Corporation
080300539117,YAMAHA CORPORATION C/O MOL LOGISTIC,Yamaha Corporation
238400067383,"HADDAD APPAREL GROUP, LTD",Lollytogs LTD DBA LT Apparel Group
080400037482,YAMAHA CORPORATION JAPAN,Yamaha Corporation
080300532562,YAMAHA CORPORATION JAPAN,Yamaha Corporation
093400045983,YAMAHA MUSICAL DO BRASIL LTDA.,What Do You Meme
080400024283,YAMAHA CORPORATION OF AMERICA,Yamaha Corporation
080400094966,SIAM MUSIC YAMAHA CO. LTD,Yamaha Motor Co. LTD
010301315793,PT YAMAHA MUSIC MANUFACTURING ASIA,CIE Manufacturing
093300387492,"YAMAHA MUSIC LATIN AMERICA, S.A.",Fr. Meyer's Sohn North America LLC
080400091045,YAMAHA CORPORATION,Yamaha Corporation
149307786978,YAMAHA CORPORATION,Yamaha Corporation
080300528590,XIAOSHAN YAMAHA MUSICAL,Yamaha Corporation
149307832619,YAMAHA CORPORATION OF AMERICA,Yamaha Corporation
080300560451,"YAMAHA MUSIC LATIN AMERICA,S.A.",Fr. Meyer's Sohn North America LLC
080400091037,YAMAHA CORPORATION,Yamaha Corporation
142303070971,"SIAM MUSIC YAMAHA CO.,LTD.",Yamaha Motor Co. LTD
142354183412,"HADDAD APPAREL GROUP, LTD131 DOCKS",Lollytogs LTD DBA LT Apparel Group
080400083302,YAMAHA MUSIC GULF FZE,Yamaha Corporation
080400035285,YAMAHA MUSIC ELECTRONICS TAIWAN,Yamaha Corporation
080400077468,YAMAHA CORPORATION,Yamaha Corporation
080400022957,YAMAHA CORPORATION OF AMERICA,Yamaha Corporation
093300355379,YAMAHA MUSICAL DO BRASIL LTDA.,What Do You Meme
143370960859,YAMAHA MUSIC GULF FZE,Yamaha Corporation
149307851346,YAMAHA MUSIC (ASIA) PTE LTD,ResMed Asia Pte Ltd
010301146410,PT YAMAHA MUSIC MANUFACTURING ASIA,CIE Manufacturing
080300587189,YAMAHA CORPORATION OF AMERICA,Yamaha Corporation
235400395751,HOOKER FURNITURE,Furniture Values International LLC
237400053261,YAMAHA MUSIC & ELECTRONICS (CHINA)C,UBILogistics (China) Limited
238300143402,"HADDAD APPAREL GROUP, LTD",Lollytogs LTD DBA LT Apparel Group
235301429487,HOOKER FURNITURE,Furniture Values International LLC
080400020806,"TOM LEE MUSIC CO., LTD.","ANHUI TECHNOLOGY IMPORT AND EXPORT CO,.LTD."
080400031352,YAMAHA CANADA MUSIC LTD.,Yamaha Motor Co. LTD
010301218992,YAMAHA CORPORATION,Yamaha Corporation
010400091168,YAMAHA CORPORATION,Yamaha Corporation
141400149902,YAMAHA CORPORATION C/O MOL LOGISTIC,Yamaha Corporation
145499000053,SUNSET WEST,North West Grains
149400350238,YAMAHA DE MEXICO S.A.DE C.V.,Truper S.A. DE C.V.
235400068644,HOOKER FURNITURE,Furniture Values International LLC
142354183412,"HADDAD APPAREL GROUP, LTD131 DOCKS",Lollytogs LTD DBA LT Apparel Group
236400070795,"HADDAD APPAREL GROUP, LTD",Lollytogs LTD DBA LT Apparel Group
081400002008,YAMAHA MUSIC LATIN AMERICA,Fr. Meyer's Sohn North America LLC
142400192627,"TOM LEE MUSIC CO.,LTD.","ANHUI TECHNOLOGY IMPORT AND EXPORT CO,.LTD."
093400078172,YAMAHA MUSICAL DO BRASIL LTDA.,What Do You Meme
130400006412,HADDAD APPAREL GROUP LTD,Lollytogs LTD DBA LT Apparel Group
080400010712,YAMAHA MUSIC GULF FZE,Yamaha Corporation
142400304883,YAMAHA DE MEXICO S.A. DE C.V.,Truper S.A. DE C.V.
080400030462,YAMAHA CANADA MUSIC LTD. VANCOUVER,Yamaha Motor Co. LTD
143451569522,YAMAHA CORPORATION C/O MOL,Yamaha Corporation
150450005643,PT YAMAHA INDONESIA JL.,Yamaha Corporation
010400163894,YAMAHA ELECTRONICS MANUFACTURING(M),CIE Manufacturing
080400077476,YAMAHA CORPORATION,Yamaha Corporation
141400125247,YAMAHA CORPORATION C/O MOL LOGISTIC,Yamaha Corporation
150350118543,YAMAHA MUSIC VIETNAM COMPANY LIMITE,The Proctor & Gamble Company
080400054654,XIAOSHAN YAMAHA MUSICAL,Yamaha Corporation
080400070242,YAMAHA CORPORATION,Yamaha Corporation
070400032173,PT. YAMAHA MUSIC MANUFACTURING ASIA,CIE Manufacturing
080300577982,YAMAHA CORPORATION,Yamaha Corporation
080400054620,XIAOSHAN YAMAHA MUSICAL,Yamaha Corporation
081400001974,YAMAHA MUSICAL DO BRASIL LTDA.,What Do You Meme
141400011837,YAMAHA MUSICAL DO BRASIL LTDA.,What Do You Meme
080300541669,YAMAHA MUSIC ELECTRONICS CHINA,UBILogistics (China) Limited
236300483028,"HADDAD APPAREL GROUP, LTD",Lollytogs LTD DBA LT Apparel Group
080400080035,YAMAHA CORPORATION,Yamaha Corporation
010301146410,PT YAMAHA MUSIC MANUFACTURING ASIA,CIE Manufacturing
141400149902,YAMAHA CORPORATION C/O MOL LOGISTIC,Yamaha Corporation
093300387522,YAMAHA MUSICAL DO BRASIL LTDA.,What Do You Meme
010301210657,PT YAMAHA MUSIC MANUFACTURING ASIA,CIE Manufacturing
010301173913,YAMAHA CORPORATION,Yamaha Corporation
143372161490,YAMAHA MUSIC & ELECTRONICS TAIWAN,Yamaha Corporation
238400056382,"HADDAD APPAREL GROUP, LTD",Lollytogs LTD DBA LT Apparel Group
080400076062,YAMAHA CORPORATION,Yamaha Corporation
080400009926,YAMAHA CORPORATION C/O MOL LOGISTIC,Yamaha Corporation
082400001085,"HADDAD APPAREL GROUP, LTD",Lollytogs LTD DBA LT Apparel Group
080400035285,YAMAHA MUSIC ELECTRONICS TAIWAN,Yamaha Corporation
081400049136,YAMAHA CORPORATION,Yamaha Corporation
080300545320,YAMAHA MUSIC GULF FZE,Yamaha Corporation
149307366260,PT.YAMAHA ELECTRONICS MANUFACTURING,CIE Manufacturing
080300484372,YAMAHA CANADA MUSIC LTD.,Yamaha Motor Co. LTD
080300600746,TOM LEE,Sea Cargo s.r.o
235400380231,"HADDAD APPAREL GROUP, LTD",Lollytogs LTD DBA LT Apparel Group
080400099152,YAMAHA DE MEXICO S.A. DE C.V.,Truper S.A. DE C.V.
141400173004,YAMAHA MUSIC (MALAYSIA) SDN.BHD,Yamaha Corporation
149400104636,YAMAHA CORPORATION,Yamaha Corporation
080300573315,YAMAHA CORPORATION OF AMERICA,Yamaha Corporation
143451567782,"YAMAHA MUSIC AUSTRALIA PTY., LTD.",Manildra Flour Mills PTY LTD
081400006577,YAMAHA CORPORATION,Yamaha Corporation
147301144102,YAMAHA CORPORATION,Yamaha Corporation
142303039802,YAMAHA MUSICAL DO BRASIL LTDA.,What Do You Meme
142303185051,YAMAHA MUSICAL DO BRASIL LTDA.,What Do You Meme
146301018745,YAMAHA CORPORATION,Yamaha Corporation
143451583290,YAMAHA MUSIC AUSTRALIA PTY. LTD.,Manildra Flour Mills PTY LTD
080300547951,YAMAHA MUSIC & ELECTRONICS TAIWAN C,Yamaha Corporation
146400182365,YAMAHA MUSIC GULF FZE,Yamaha Corporation
081300248129,YAMAHA CORPORATION,Yamaha Corporation
080300541537,YAMAHA MUSIC ELECTRONICS CHINA,UBILogistics (China) Limited
080400047399,YAMAHA MUSIC ELECTRONICS CHINA,UBILogistics (China) Limited
237400132675,YAMAHA CORPORATION,Yamaha Corporation
081400033914,YAMAHA MUSICAL DO BRASIL LTDA.,What Do You Meme
010301128659,YAMAHA CORPORATION,Yamaha Corporation
093300387068,YAMAHA DE MEXICO S.A.,Truper S.A. DE C.V.
149307991873,SHENZHEN YAMAHA MUSIC&ELECTRONICS T,SHENZHEN VANOCEAN INTERNATIONAL FREIGHT LIMITED
149307047679,YAMAHA CORPORATION,Yamaha Corporation
142400020613,"SIAM MUSIC YAMAHA CO., LTD",Yamaha Motor Co. LTD
142303502706,YAMAHA CORPORATION,Yamaha Corporation
147301154957,YAMAHA CORPORATION,Yamaha Corporation
081400028775,YAMAHA CORPORATION,Yamaha Corporation
080400014423,YAMAHA CANADA MUSIC LTD. VANCOUVER,Yamaha Motor Co. LTD
080400024542,YAMAHA MUSIC & ELECTRONICS TAIWAN C,Yamaha Corporation
145399012106,SUNSET WEST,North West Grains
143351916092,YAMAHA MUSIC AUSTRALIA PTY. LTD.,Manildra Flour Mills PTY LTD
146301019369,YAMAHA DE MEXICO S.A. DE C.V.,Truper S.A. DE C.V.
080400094966,SIAM MUSIC YAMAHA CO. LTD,Yamaha Motor Co. LTD
081400049136,YAMAHA CORPORATION,Yamaha Corporation
143458850056,YAMAHA MUSIC GULF FZE,Yamaha Corporation
080300587383,YAMAHA CORPORATION JAPAN,Yamaha Corporation
142400307963,YAMAHA DE MEXICO S.A. DE C.V.,Truper S.A. DE C.V.
149400657406,HOOKER FURNITURE CORPORATION,AISIN CORPORATION
149308576268,YAMAHA MUSIC (MALAYSIA) SDN. BHD,Yamaha Corporation
141400012982,YAMAHA MUSIC VIETNAM COMPANY LIMITE,The Proctor & Gamble Company
010301110920,PT.YAMAHA ELECTRONICS MFG. INDONESI,Yamaha Corporation
142303526800,YAMAHA MUSIC VIETNAM COMPANY LIMITE,The Proctor & Gamble Company
240400008630,HADDAD,Haddad Brands
080400072199,YAMAHA CORPORATION OF AMERICA,Yamaha Corporation
080400083302,YAMAHA MUSIC GULF FZE,Yamaha Corporation
236300484296,"HADDAD APPAREL GROUP, LTD",Lollytogs LTD DBA LT Apparel Group
010400038089,YAMAHA CORPORATION,Yamaha Corporation
141400125310,TO ORDER,Sea Cargo s.r.o
142453215745,"HADDAD APPAREL GROUP, LTD131 DOCKS",Lollytogs LTD DBA LT Apparel Group
149307020592,YAMAHA CORPORATION,Yamaha Corporation
093400046025,"YAMAHA MUSIC LATIN AMERICA, S.A.",Fr. Meyer's Sohn North America LLC
080300587154,YAMAHA CORPORATION OF AMERICA,Yamaha Corporation
130400003006,HADDAD APPAREL GROUP LTD,Lollytogs LTD DBA LT Apparel Group
080300541537,YAMAHA MUSIC ELECTRONICS CHINA,UBILogistics (China) Limited
080400104368,YAMAHA MUSIC ELECTRONICS CHINA,UBILogistics (China) Limited
093400046009,"YAMAHA MUSIC LATIN AMERICA, S.A.",Fr. Meyer's Sohn North America LLC
149400657406,HOOKER FURNITURE CORPORATION,AISIN CORPORATION
080300595182,"YAMAHA MUSIC MANUFACTURING ASIA,PT",CIE Manufacturing
147400070549,YAMAHA CORPORATION,Yamaha Corporation
080300587197,YAMAHA CORPORATION OF AMERICA,Yamaha Corporation
142354183420,"HADDAD APPAREL GROUP, LTD131 DOCKS",Lollytogs LTD DBA LT Apparel Group
080300587146,YAMAHA CORPORATION OF AMERICA,Yamaha Corporation
238300142235,"HADDAD APPAREL GROUP, LTD",Lollytogs LTD DBA LT Apparel Group
010400038089,YAMAHA CORPORATION,Yamaha Corporation
240400006042,HADDAD,Haddad Brands
080300577982,YAMAHA CORPORATION,Yamaha Corporation
080400021217,"TOM LEE MUSIC CO., LTD.","ANHUI TECHNOLOGY IMPORT AND EXPORT CO,.LTD."
142400363732,PT.YAMAHA ELECTRONICS MANUFACTURING,CIE Manufacturing
080400047399,YAMAHA MUSIC ELECTRONICS CHINA,UBILogistics (China) Limited
141400149910,"YAMAHA MUSIC LATIN AMERICA,S.A.",Fr. Meyer's Sohn North America LLC
146400138366,YAMAHA MUSIC GULF FZE,Yamaha Corporation
080400072211,YAMAHA CORPORATION OF AMERICA,Yamaha Corporation
010400116862,YAMAHA CORPORATION,Yamaha Corporation
091400048536,YAMAHA MUSIC & ELECTRONICS TAIWAN C,Yamaha Corporation
091330559112,YAMAHA CORPORATION,Yamaha Corporation
080400012617,YAMAHA MUSIC (MALAYSIA) SDN.BHD,Yamaha Corporation
240300066069,HADDAD APPAREL,Comint Apparel
235301429517,HOOKER FURNITURE,Furniture Values International LLC
238300143402,"HADDAD APPAREL GROUP, LTD",Lollytogs LTD DBA LT Apparel Group
080300528590,XIAOSHAN YAMAHA MUSICAL,Yamaha Corporation
080400065371,YAMAHA MUSIC GULF FZE,Yamaha Corporation
149400328577,YAMAHA CORPORATION,Yamaha Corporation
142400493058,YAMAHA MUSICAL DO BRASIL LTDA.,What Do You Meme
080300597699,YAMAH,Sea Cargo s.r.o
010400149689,YAMAHA CORPORATION,Yamaha Corporation
093300352647,YAMAHA MUSIC VIETNAM COMPANY LIMITE,The Proctor & Gamble Company
093300387522,YAMAHA MUSICAL DO BRASIL LTDA.,What Do You Meme
141400013104,YAMAHA MUSIC&ELECTRONICS TAIWAN CO.,Yamaha Motor Co. LTD
093300355557,"YAMAHA MUSIC LATIN AMERICA, S.A.",Fr. Meyer's Sohn North America LLC
093300387513,"YAMAHA MUSIC LATIN AMERICA, S.A.",Fr. Meyer's Sohn North America LLC
081400038835,YAMAHA MUSIC & ELECTRONICS TAIWAN C,Yamaha Corporation
149401155293,HOOKER FURNITURE CORPORATION,AISIN CORPORATION
080400022949,YAMAHA CORPORATION OF AMERICA,Yamaha Corporation
010400216254,YAMAHA CORPORATION,Yamaha Corporation
080300545320,YAMAHA MUSIC GULF FZE,Yamaha Corporation
240300067545,HADDAD APPAREL,Comint Apparel
080400052252,YAMAHA CANADA MUSIC LTD.,Yamaha Motor Co. LTD
091330559103,YAMAHA CORPORATION,Yamaha Corporation
080300595025,SIAM MUSIC YAMAHA CO. LTD,Yamaha Motor Co. LTD
149401340953,HOOKER FURNITURE CORPORATION,AISIN CORPORATION
141300951447,"SIAM MUSIC YAMAHA CO., LTD",Yamaha Motor Co. LTD
142303079200,"YAMAHA MUSIC LATIN AMERICA,S.A.",Fr. Meyer's Sohn North America LLC
142400509299,YAMAHA MUSIC (ASIA) PRIVATE LIMITED,Super Auto Forge Private Limited
149308416571,YAMAHA CORPORATION,Yamaha Corporation
080300600649,YAMAHA MUSIC ELECTRONICS CHINA,UBILogistics (China) Limited
235301429487,HOOKER FURNITURE,Furniture Values International LLC
142303526885,"SIAM MUSIC YAMAHA CO.,LTD.",Yamaha Motor Co. LTD
142303167877,"YCJ,C/O MOL LOGISTICS PASIR GUDANG","MOL Worldwide Logistics, Limited"
142303526796,"SIAM MUSIC YAMAHA CO.,LTD.",Yamaha Motor Co. LTD
080400088044,TOM LEE,Sea Cargo s.r.o
142303039802,YAMAHA MUSICAL DO BRASIL LTDA.,What Do You Meme
080300597648,XIAOSHAN YAMAHA MUSICAL,Yamaha Corporation
081400028741,YAMAHA CORPORATION,Yamaha Corporation
081300264779,XIAOSHAN YAMAHA MUSICAL INSTRUMENTC,Yamaha Corporation
146400149724,SUNSET WEST,North West Grains
237400093483,YAMAHA CORPORATION,Yamaha Corporation
236300468967,"HADDAD APPAREL GROUP, LTD",Lollytogs LTD DBA LT Apparel Group
080300587154,YAMAHA CORPORATION OF AMERICA,Yamaha Corporation
010400116837,YAMAHA CORPORATION,Yamaha Corporation
080400100265,YAMAHA CANADA MUSIC LTD. VANCOUVER,Yamaha Motor Co. LTD
142400144444,PT.YAMAHA ELECTRONICS MANUFACTURING,CIE Manufacturing
080400024313,YAMAHA CORPORATION OF AMERICA,Yamaha Corporation
010301315793,PT YAMAHA MUSIC MANUFACTURING ASIA,CIE Manufacturing
142453215711,"HADDAD APPAREL GROUP, LTD131 DOCKS",Lollytogs LTD DBA LT Apparel Group
142453215711,"HADDAD APPAREL GROUP, LTD131 DOCKS",Lollytogs LTD DBA LT Apparel Group
142303060372,YAMAHA MUSIC (ASIA) PRIVATE LIMITED,Super Auto Forge Private Limited
093400045992,YAMAHA MUSICAL DO BRASIL LTDA.,What Do You Meme
010400150092,PT YAMAHA MUSIC MANUFACTURING ASIA,CIE Manufacturing
010400174322,YAMAHA CORPORATION,Yamaha Corporation
080400024292,YAMAHA CORPORATION OF AMERICA,Yamaha Corporation
143451581769,"SIAM MUSIC YAMAHA CO., LTD",Yamaha Motor Co. LTD
149307366260,PT.YAMAHA ELECTRONICS MANUFACTURING,CIE Manufacturing
082400017828,"HADDAD APPAREL GROUP, LTD",Lollytogs LTD DBA LT Apparel Group
080400024313,YAMAHA CORPORATION OF AMERICA,Yamaha Corporation
142303531838,YAMAHA MUSIC VIETNAM COMPANY LIMITE,The Proctor & Gamble Company
080400090979,XIAOSHAN YAMAHA MUSICAL,Yamaha Corporation
237300461872,YAMAHA CORPORATION,Yamaha Corporation
010400168004,PT YAMAHA MUSIC MANUFACTURING ASIA,CIE Manufacturing
080400077468,YAMAHA CORPORATION,Yamaha Corporation
080400037482,YAMAHA CORPORATION JAPAN,Yamaha Corporation
240400003077,HADDAD APPAREL,Comint Apparel
080300597249,XIAOSHAN YAMAHA MUSICAL,Yamaha Corporation
149307477487,YAMAHA MUSIC (MALAYSIA) SDN. BHD,Yamaha Corporation
130400003006,HADDAD APPAREL GROUP LTD,Lollytogs LTD DBA LT Apparel Group
149307020592,YAMAHA CORPORATION,Yamaha Corporation
240300066069,HADDAD APPAREL,Comint Apparel
010301169291,YAMAHA ELECTRONICS MANUFACTURING(M),CIE Manufacturing
149308413946,YAMAHA CORPORATION,Yamaha Corporation
091330603642,YAMAHA MUSIC & ELECTRONICS TAIWAN C,Yamaha Corporation
145499000045,SUNSET WEST,North West Grains
080400022931,YAMAHA CORPORATION OF AMERICA,Yamaha Corporation
080300573404,YAMAHA MUSIC INDIA PRIVATE LIMITED,Super Auto Forge Private Limited
082400001085,"HADDAD APPAREL GROUP, LTD",Lollytogs LTD DBA LT Apparel Group
093400078415,"YAMAHA MUSIC LATIN AMERICA, S.A.",Fr. Meyer's Sohn North America LLC
010400149808,YAMAHA CORPORATION,Yamaha Corporation
010400149808,YAMAHA CORPORATION,Yamaha Corporation
080400075490,YAMAHA CORPORATION,Yamaha Corporation
240400006492,HADDAD,Haddad Brands
080400048026,TOM LEE,Sea Cargo s.r.o
080400039558,YAMAHA CORPORATION JAPAN,Yamaha Corporation
236400053424,"HADDAD APPAREL GROUP, LTD",Lollytogs LTD DBA LT Apparel Group
142400507831,YAMAHA DE MEXICO S.A. DE C.V.,Truper S.A. DE C.V.
146400135103,YAMAHA CORPORATION,Yamaha Corporation
010301339472,YAMAHA CORPORATION,Yamaha Corporation
010400116837,YAMAHA CORPORATION,Yamaha Corporation
143451589077,YAMAHA MUSIC AUSTRALIA PTY. LTD.,Manildra Flour Mills PTY LTD
235301354126,HOOKER FURNITURE,Furniture Values International LLC
142400332020,YAMAHA MUSIC VIETNAM COMPANY LIMITE,The Proctor & Gamble Company
080400024267,YAMAHA CORPORATION OF AMERICA,Yamaha Corporation
081300269215,YAMAHA CORPORATION,Yamaha Corporation
081400056124,YAMAHA MUSIC LATIN AMERICA,Fr. Meyer's Sohn North America LLC
149400657406,HOOKER FURNITURE CORPORATION,AISIN CORPORATION
081400011864,YAMAHA CORPORATION JAPAN,Yamaha Corporation
081400056108,YAMAHA MUSICAL DO BRASIL LTDA.,What Do You Meme
130400004304,HADDAD APPAREL GROUP LTD,Lollytogs LTD DBA LT Apparel Group
081400056362,XIAOSHAN YAMAHA MUSICAL INSTRUMENTC,Yamaha Corporation
240400006042,HADDAD,Haddad Brands
141400149880,"SIAM MUSIC YAMAHA CO., LTD",Yamaha Motor Co. LTD
145399011355,SUNSET WEST,North West Grains
093300327464,YAMAHA MUSIC PHILIPPINES INC,DSV Air & Sea Inc.
093300351102,YAMAHA MUSIC & ELECTRONICS TAIWAN,Yamaha Corporation
240400006492,HADDAD,Haddad Brands
082400040064,"HADDAD APPAREL GROUP, LTD",Lollytogs LTD DBA LT Apparel Group
091330614473,YAMAHA CORPORATION,Yamaha Corporation
010400149786,YAMAHA CORPORATION,Yamaha Corporation
149400933454,PT.YAMAHA ELECTRONICS MANUFACTURING,CIE Manufacturing
143351938495,"SIAM MUSIC YAMAHA CO., LTD",Yamaha Motor Co. LTD
080400021217,"TOM LEE MUSIC CO., LTD.","ANHUI TECHNOLOGY IMPORT AND EXPORT CO,.LTD."
237400128792,YAMAHA CORPORATION,Yamaha Corporation
091400048536,YAMAHA MUSIC & ELECTRONICS TAIWAN C,Yamaha Corporation
010400087012,YAMAHA CORPORATION,Yamaha Corporation
080300595742,YAMAHA CORPORATION,Yamaha Corporation
091400110452,YAMAHA MUSIC LATIN AMERICA,Fr. Meyer's Sohn North America LLC
080400065282,YAMAHA CORPORATION OF AMERICA,Yamaha Corporation
081300227318,YAMAHA MUSICAL DO BRASIL LTDA.,What Do You Meme
080400062975,"YAMAHA MUSIC LATIN AMERICA,S.A.",Fr. Meyer's Sohn North America LLC
080400083361,YAMAHA CORPORATION OF AMERICA,Yamaha Corporation
080400085177,YAMAHA CORPORATION C/O MOL LOGISTIC,Yamaha Corporation
080400024283,YAMAHA CORPORATION OF AMERICA,Yamaha Corporation
010400076801,YAMAHA CORPORATION,Yamaha Corporation
010400091419,YAMAHA CORPORATION,Yamaha Corporation
142453215516,"HADDAD APPAREL GROUP, LTD131 DOCKS",Lollytogs LTD DBA LT Apparel Group
142303025274,PT.YAMAHA ELECTRONICS MANUFACTURING,CIE Manufacturing
080400099836,YAMAHA CORPORATION C/O MOL LOGISTIC,Yamaha Corporation
010400010460,YAMAHA ELECTRONICS MANUFACTURING(M),CIE Manufacturing
237400093483,YAMAHA CORPORATION,Yamaha Corporation
093400046009,"YAMAHA MUSIC LATIN AMERICA, S.A.",Fr. Meyer's Sohn North America LLC
080400017813,YAMAHA CORPORATION,Yamaha Corporation
142453215745,"HADDAD APPAREL GROUP, LTD131 DOCKS",Lollytogs LTD DBA LT Apparel Group
081300269215,YAMAHA CORPORATION,Yamaha Corporation
141400088015,YAMAHA MUSIC GULF FZE,Yamaha Corporation
091400061117,YAMAHA CORPORATION,Yamaha Corporation
080400022949,YAMAHA CORPORATION OF AMERICA,Yamaha Corporation
141400125565,YAMAHA MUSIC GULF FZE,Yamaha Corporation
080400024292,YAMAHA CORPORATION OF AMERICA,Yamaha Corporation
080300595114,YAMAHA MUSIC (MALAYSIA) SDN.BHD,Yamaha Corporation
149400069882,HOOKER FURNITURE CORPORATION,AISIN CORPORATION
091400110461,YAMAHA MUSIC & ELECTRONICS TAIWAN C,Yamaha Corporation
010301169291,YAMAHA ELECTRONICS MANUFACTURING(M),CIE Manufacturing
091400110312,YAMAHA CORPORATION,Yamaha Corporation
081400006020,XIAOSHAN YAMAHA MUSICAL INSTRUMENTC,Yamaha Corporation
093300387522,YAMAHA MUSICAL DO BRASIL LTDA.,What Do You Meme
080400085304,"TOM LEE MUSIC CO., LTD.","ANHUI TECHNOLOGY IMPORT AND EXPORT CO,.LTD."
091330603642,YAMAHA MUSIC & ELECTRONICS TAIWAN C,Yamaha Corporation
141400125263,"SIAM MUSIC YAMAHA CO., LTD",Yamaha Motor Co. LTD
081300269878,YAMAHA CORPORATION,Yamaha Corporation
237400053295,YAMAHA CORPORATION,Yamaha Corporation
080400037504,YAMAHA CORPORATION C/O MOL LOGISTIC,Yamaha Corporation
080400100282,YAMAHA MUSIC ELECTRONICS CHINA,UBILogistics (China) Limited
237400053295,YAMAHA CORPORATION,Yamaha Corporation
080300584121,YAMAHA CANADA MUSIC LTD.,Yamaha Motor Co. LTD
080400005629,"TOM LEE MUSIC CO., LTD.","ANHUI TECHNOLOGY IMPORT AND EXPORT CO,.LTD."
091330559103,YAMAHA CORPORATION,Yamaha Corporation
081400033647,YAMAHA DE MEXICO,Truper S.A. DE C.V.
080300597648,XIAOSHAN YAMAHA MUSICAL,Yamaha Corporation
081400002059,YAMAHA MUSIC & ELECTRONICS (CHINA)C,UBILogistics (China) Limited
142303085382,PT.YAMAHA MUSIK INDONESIA DISTRIBUT,Yamaha Corporation
080400012633,YAMAHA CORPORATION OF AMERICA,Yamaha Corporation
080300522044,YAMAHA CORPORATION OF AMERICA,Yamaha Corporation
142400284688,YAMAHA MUSICAL DO BRASIL LTDA.,What Do You Meme
080300597249,XIAOSHAN YAMAHA MUSICAL,Yamaha Corporation
010301169291,YAMAHA ELECTRONICS MANUFACTURING(M),CIE Manufacturing
238300146826,"HADDAD APPAREL GROUP, LTD",Lollytogs LTD DBA LT Apparel Group
080400024322,YAMAHA MUSIC GULF FZE,Yamaha Corporation
081400031016,YAMAHA CORPORATION JAPAN,Yamaha Corporation
143458850030,PT. YAMAHA MUSIK INDONESIA DISTRIBU,Yamaha Corporation
091400061125,YAMAHA CORPORATION,Yamaha Corporation
080300599276,YAMAHA CORPORATION C/O MOL LOGISTIC,Yamaha Corporation
081400038835,YAMAHA MUSIC & ELECTRONICS TAIWAN C,Yamaha Corporation
142303200271,YAMAHA MUSIC PHILIPPINES INC.,DSV Air & Sea Inc.
145399012092,SUNSET WEST,North West Grains
080400005629,"TOM LEE MUSIC CO., LTD.","ANHUI TECHNOLOGY IMPORT AND EXPORT CO,.LTD."
080300510852,YAMAHA CANADA MUSIC LTD.,Yamaha Motor Co. LTD
130400006412,HADDAD APPAREL GROUP LTD,Lollytogs LTD DBA LT Apparel Group
081400033914,YAMAHA MUSICAL DO BRASIL LTDA.,What Do You Meme
130400003006,HADDAD APPAREL GROUP LTD,Lollytogs LTD DBA LT Apparel Group
142400347213,"SIAM MUSIC YAMAHA CO.,LTD.",Yamaha Motor Co. LTD
080400030462,YAMAHA CANADA MUSIC LTD. VANCOUVER,Yamaha Motor Co. LTD
081400056256,YAMAHA CORPORATION JAPAN,Yamaha Corporation
093300355379,YAMAHA MUSICAL DO BRASIL LTDA.,What Do You Meme
093300352647,YAMAHA MUSIC VIETNAM COMPANY LIMITE,The Proctor & Gamble Company
080300573188,YAMAHA MUSICAL DO BRASIL LTDA.,What Do You Meme
080400065320,YAMAHA CORPORATION OF AMERICA,Yamaha Corporation
080400104643,SIAM MUSIC YAMAHA CO. LTD,Yamaha Motor Co. LTD
142400319392,YAMAHA MUSIC & ELECTRONICS TAIWAN C,Yamaha Corporation
080300566441,YAMAHA MUSIC MANUFACTURING JAPAN CO,Yamaha Motor Co. LTD
080300596005,YAMAHA MUSIC GULF FZE,Yamaha Corporation
142400018121,YAMAHA DE MEXICO S.A. DE C.V.,Truper S.A. DE C.V.
149307921590,YAMAHA CORPORATION,Yamaha Corporation
141400013287,TO ORDER,Sea Cargo s.r.o
130400006439,HADDAD APPAREL GROUP LTD,Lollytogs LTD DBA LT Apparel Group
142400304883,YAMAHA DE MEXICO S.A. DE C.V.,Truper S.A. DE C.V.
146301019369,YAMAHA DE MEXICO S.A. DE C.V.,Truper S.A. DE C.V.
010400116837,YAMAHA CORPORATION,Yamaha Corporation
149308577248,YAMAHA MUSIC INDIA PRIVATE LIMITED,Super Auto Forge Private Limited
240400000043,HADDAD APPAREL,Comint Apparel
091330603650,YAMAHA MUSIC LATIN AMERICA,Fr. Meyer's Sohn North America LLC
143370960752,PT. YAMAHA MUSIK INDONESIA DISTRIBU,Yamaha Corporation
080300573404,YAMAHA MUSIC INDIA PRIVATE LIMITED,Super Auto Forge Private Limited
080300532929,YAMAHA CORPORATION OF AMERICA,Yamaha Corporation
235301476019,"HADDAD APPAREL GROUP, LTD",Lollytogs LTD DBA LT Apparel Group
240400006042,HADDAD,Haddad Brands
080400039540,YAMAHA MUSIC (MALAYSIA) SDN.BHD,Yamaha Corporation
080300560451,"YAMAHA MUSIC LATIN AMERICA,S.A.",Fr. Meyer's Sohn North America LLC
142400117048,YAMAHA MUSICAL DO BRASIL LTDA.,What Do You Meme
080400066270,XIAOSHAN YAMAHA MUSICAL,Yamaha Corporation
091400048544,YAMAHA MUSIC LATIN AMERICA,Fr. Meyer's Sohn North America LLC
146301133251,SUNSET WEST,North West Grains
010301339472,YAMAHA CORPORATION,Yamaha Corporation
149400445922,YAMAHA CORPORATION,Yamaha Corporation
010400091168,YAMAHA CORPORATION,Yamaha Corporation
142303199281,PT.YAMAHA ELECTRONICS MANUFACTURING,CIE Manufacturing
235400068644,HOOKER FURNITURE,Furniture Values International LLC
010400116862,YAMAHA CORPORATION,Yamaha Corporation
080400067918,YAMAHA CORPORATION JAPAN,Yamaha Corporation
080400022982,YAMAHA CORPORATION OF AMERICA,Yamaha Corporation
080300530900,YAMAHA CORPORATION C/O MOL LOGISTIC,Yamaha Corporation
093400079764,"YAMAHA MUSIC LATIN AMERICA, S.A.",Fr. Meyer's Sohn North America LLC
141400011837,YAMAHA MUSICAL DO BRASIL LTDA.,What Do You Meme
081300247530,XIAOSHAN YAMAHA MUSICAL INSTRUMENTC,Yamaha Corporation
149307991873,SHENZHEN YAMAHA MUSIC&ELECTRONICS T,SHENZHEN VANOCEAN INTERNATIONAL FREIGHT LIMITED
080300599438,YAMAHA CORPORATION JAPAN,Yamaha Corporation
080400070242,YAMAHA CORPORATION,Yamaha Corporation
142400509418,YAMAHA MUSIC & ELECTRONICS TAIWAN C,Yamaha Corporation
235301394781,HOOKER FURNITURE,Furniture Values International LLC
238400057175,"HADDAD APPAREL GROUP, LTD",Lollytogs LTD DBA LT Apparel Group
010400091346,YAMAHA CORPORATION,Yamaha Corporation
081400015177,YAMAHA MUSICAL DO BRASIL LTDA.,What Do You Meme
080400085177,YAMAHA CORPORATION C/O MOL LOGISTIC,Yamaha Corporation
141400149898,YAMAHA DE MEXICO S.A. DE C.V.,Truper S.A. DE C.V.
080400078707,YAMAHA CANADA MUSIC LTD. VANCOUVER,Yamaha Motor Co. LTD
149308390432,PT.YAMAHA ELECTRONICS MANUFACTURING,CIE Manufacturing
142400313972,"SIAM MUSIC YAMAHA CO., LTD.",Yamaha Motor Co. LTD
010400091150,YAMAHA CORPORATION,Yamaha Corporation
081400050797,YAMAHA DE MEXICO S.A DE C.V,Truper S.A. DE C.V.
080400024780,YAMAHA CORPORATION,Yamaha Corporation
080400046104,YAMAHA MUSIC ELECTRONICS CHINA,UBILogistics (China) Limited
142400476315,"YAMAHA MUSIC LATIN AMERICA S.A.,",Fr. Meyer's Sohn North America LLC
010400174322,YAMAHA CORPORATION,Yamaha Corporation
080300597249,XIAOSHAN YAMAHA MUSICAL,Yamaha Corporation
142400131903,YAMAHA MUSIC PHILIPPINES INC.,DSV Air & Sea Inc.
010301129159,YAMAHA MUSIC & ELECTRONICS(CHINA) C,UBILogistics (China) Limited
141400149898,YAMAHA DE MEXICO S.A. DE C.V.,Truper S.A. DE C.V.
010400163894,YAMAHA ELECTRONICS MANUFACTURING(M),CIE Manufacturing
010400091249,YAMAHA CORPORATION,Yamaha Corporation
141400090435,YAMAHA MUSIC (MALAYSIA) SDN.BHD,Yamaha Corporation
080400065257,YAMAHA CORPORATION OF AMERICA,Yamaha Corporation
149308647921,SHENZHEN YAMAHA MUSIC&ELECTRONICS T,SHENZHEN VANOCEAN INTERNATIONAL FREIGHT LIMITED
010400149786,YAMAHA CORPORATION,Yamaha Corporation
143351916254,YAMAHA CORPORATION C/O MOL,Yamaha Corporation
010301173913,YAMAHA CORPORATION,Yamaha Corporation
142400492604,PT.YAMAHA INDONESIA,Yamaha Corporation
081300248404,YAMAHA MUSICAL DO BRASIL LTDA.,What Do You Meme
080400065273,YAMAHA CORPORATION OF AMERICA,Yamaha Corporation
080300599420,YAMAHA CORPORATION JAPAN,Yamaha Corporation
081400001966,YAMAHA MUSICAL DO BRASIL LTDA.,What Do You Meme
080400107821,YAMAHA MUSIC MANUFACTURING JAPAN CO,Yamaha Motor Co. LTD
093300383462,YAMAHA MUSIC & ELECTRONICS TAIWAN,Yamaha Corporation
142303184313,YAMAHA MUSIC (ASIA) PRIVATE LIMITED,Super Auto Forge Private Limited
237300469902,YAMAHA CORPORATION,Yamaha Corporation
080300587197,YAMAHA CORPORATION OF AMERICA,Yamaha Corporation
080300595149,YAMAHA CANADA MUSIC LTD. VANCOUVER,Yamaha Motor Co. LTD
142303199281,PT.YAMAHA ELECTRONICS MANUFACTURING,CIE Manufacturing
093300355352,YAMAHA MUSICAL DO BRASIL LTDA.,What Do You Meme
142400362182,YAMAHA MUSIC PHILIPPINES INC.,DSV Air & Sea Inc.
238300141328,"HADDAD APPAREL GROUP, LTD",Lollytogs LTD DBA LT Apparel Group
149401092313,YAMAHA CORPORATION OF AMERICA,Yamaha Corporation
147301284435,YAMAHA CORPORATION,Yamaha Corporation
142303545570,YAMAHA DE MEXICO S.A. DE C.V.,Truper S.A. DE C.V.
081400011822,YAMAHA MUSICAL DO BRASIL LTDA.,What Do You Meme
091330553164,YAMAHA MUSIC LATIN AMERICA,Fr. Meyer's Sohn North America LLC
080300532945,YAMAHA CORPORATION OF AMERICA,Yamaha Corporation
149400247640,SHENZHEN YAMAHA MUSIC&ELECTRONICS T,SHENZHEN VANOCEAN INTERNATIONAL FREIGHT LIMITED
080400088061,TOM LEE,Sea Cargo s.r.o
093400045665,YAMAHA MUSIC PHILIPPINES INC,DSV Air & Sea Inc.
080400074523,YAMAHA CORPORATION C/O MOL LOGISTIC,Yamaha Corporation
141400125476,YAMAHA MUSIC&ELECTRONICS TAIWAN CO.,Yamaha Motor Co. LTD
010301218992,YAMAHA CORPORATION,Yamaha Corporation
080400024322,YAMAHA MUSIC GULF FZE,Yamaha Corporation
091330614449,YAMAHA CORPORATION,Yamaha Corporation
080300600746,TOM LEE,Sea Cargo s.r.o
142303025274,PT.YAMAHA ELECTRONICS MANUFACTURING,CIE Manufacturing
149307851346,YAMAHA MUSIC (ASIA) PTE LTD,ResMed Asia Pte Ltd
093400015235,YAMAHA MUSIC PHILIPPINES INC,DSV Air & Sea Inc.
101300088456,YAMAHA MUSICAL DO BRASIL LTDA,What Do You Meme
080300587171,YAMAHA CORPORATION OF AMERICA,Yamaha Corporation
142400492604,PT.YAMAHA INDONESIA,Yamaha Corporation
149307772829,PT.YAMAHA ELECTRONICS MANUFACTURING,CIE Manufacturing
237300499984,YAMAHA CORPORATION,Yamaha Corporation
081300257608,YAMAHA CORPORATION,Yamaha Corporation
142400360902,PT.YAMAHA MUSIK INDONESIA DISTRIBUT,Yamaha Corporation
142400447952,PT.YAMAHA ELECTRONICS MANUFACTURING,CIE Manufacturing
010400149786,YAMAHA CORPORATION,Yamaha Corporation
142400361127,YAMAHA MUSIC (ASIA) PRIVATE LIMITED,Super Auto Forge Private Limited
080300470702,"TOM LEE MUSIC CO., LTD.","ANHUI TECHNOLOGY IMPORT AND EXPORT CO,.LTD."
080300599284,YAMAHA CORPORATION C/O MOL LOGISTIC,Yamaha Corporation
080300569351,YAMAHA CORPORATION OF AMERICA,Yamaha Corporation
080400065371,YAMAHA MUSIC GULF FZE,Yamaha Corporation
081400011822,YAMAHA MUSICAL DO BRASIL LTDA.,What Do You Meme
080300532597,YAMAHA CORPORATION JAPAN,Yamaha Corporation
080400022957,YAMAHA CORPORATION OF AMERICA,Yamaha Corporation
146301165896,YAMAHA CORPORATION,Yamaha Corporation
080400022990,YAMAHA CORPORATION OF AMERICA,Yamaha Corporation
080300569351,YAMAHA CORPORATION OF AMERICA,Yamaha Corporation
149307039676,PT.YAMAHA ELECTRONICS MANUFACTURING,CIE Manufacturing
080400090987,XIAOSHAN YAMAHA MUSICAL,Yamaha Corporation
080300587197,YAMAHA CORPORATION OF AMERICA,Yamaha Corporation
010301110831,YAMAHA ELECTRONICS MANUFACTURING(M),CIE Manufacturing
141400090273,YAMAHA MUSICAL DO BRASIL LTDA.,What Do You Meme
081400005962,YAMAHA MUSICAL DO BRASIL LTDA.,What Do You Meme
149307020592,YAMAHA CORPORATION,Yamaha Corporation
093400039886,YAMAHA DE MEXICO S.A.,Truper S.A. DE C.V.
080300570073,YAMAHA CANADA MUSIC LTD.,Yamaha Motor Co. LTD
142400144444,PT.YAMAHA ELECTRONICS MANUFACTURING,CIE Manufacturing
235400068636,HOOKER FURNITURE,Furniture Values International LLC
142400574032,PT.YAMAHA MUSIK INDONESIA DISTRIBUT,Yamaha Corporation
142400332020,YAMAHA MUSIC VIETNAM COMPANY LIMITE,The Proctor & Gamble Company
149307886603,HOOKER FURNITURE CORPORATION,AISIN CORPORATION
238300149795,"HADDAD APPAREL GROUP, LTD",Lollytogs LTD DBA LT Apparel Group
010400174322,YAMAHA CORPORATION,Yamaha Corporation
081400031024,YAMAHA CORPORATION JAPAN,Yamaha Corporation
141400088015,YAMAHA MUSIC GULF FZE,Yamaha Corporation
149307558533,SHENZHEN YAMAHA MUSIC&ELECTRONICS T,SHENZHEN VANOCEAN INTERNATIONAL FREIGHT LIMITED
093400079756,"YAMAHA MUSIC LATIN AMERICA, S.A.",Fr. Meyer's Sohn North America LLC
149400808463,HOOKER FURNITURE CORPORATION,AISIN CORPORATION
237400094081,YAMAHA CORPORATION,Yamaha Corporation
010301128667,YAMAHA CORPORATION,Yamaha Corporation
080400046104,YAMAHA MUSIC ELECTRONICS CHINA,UBILogistics (China) Limited
143451584130,YAMAHA CORPORATION C/O MOL,Yamaha Corporation
010400149727,YAMAHA CORPORATION,Yamaha Corporation
080300597249,XIAOSHAN YAMAHA MUSICAL,Yamaha Corporation
142400509558,YAMAHA DE MEXICO S.A. DE C.V.,Truper S.A. DE C.V.
080400010703,YAMAHA DE MEXICO S.A. DE C.V.,Truper S.A. DE C.V.
080400022990,YAMAHA CORPORATION OF AMERICA,Yamaha Corporation
080400090634,YAMAHA MUSIC ELECTRONICS CHINA,UBILogistics (China) Limited
080400091002,XIAOSHAN YAMAHA MUSICAL,Yamaha Corporation
141400013236,YAMAHA MUSIC GULF FZE,Yamaha Corporation
091330559154,YAMAHA MUSIC & ELECTRONICS TAIWAN C,Yamaha Corporation
149401091571,YAMAHA CORPORATION,Yamaha Corporation
149307618871,YAMAHA CORPORATION,Yamaha Corporation
080400076046,YAMAHA MUSIC MANUFACTURING JAPAN CO,Yamaha Motor Co. LTD
080400114118,YAMAHA CORPORATION C/O MOL LOGISTIC,Yamaha Corporation
080400083361,YAMAHA CORPORATION OF AMERICA,Yamaha Corporation
010400168004,PT YAMAHA MUSIC MANUFACTURING ASIA,CIE Manufacturing
149401122417,HOOKER FURNITURE CORPORATION,AISIN CORPORATION
081400038649,YAMAHA MUSIC LATIN AMERICA,Fr. Meyer's Sohn North America LLC
149306640058,PT.YAMAHA ELECTRONICS MANUFACTURING,CIE Manufacturing
240400008630,HADDAD,Haddad Brands
081400056222,YAMAHA CORPORATION JAPAN,Yamaha Corporation
149307886603,HOOKER FURNITURE CORPORATION,AISIN CORPORATION
237300461872,YAMAHA CORPORATION,Yamaha Corporation
141400125905,YAMAHA DE MEXICO S.A. DE C.V.,Truper S.A. DE C.V.
142400306983,YAMAHA MUSIC (ASIA) PRIVATE LIMITED,Super Auto Forge Private Limited
093300353406,YAMAHA DE MEXICO S.A.,Truper S.A. DE C.V.
141400012965,YAMAHA DE MEXICO S.A. DE C.V.,Truper S.A. DE C.V.
080400104643,SIAM MUSIC YAMAHA CO. LTD,Yamaha Motor Co. LTD
080300573404,YAMAHA MUSIC INDIA PRIVATE LIMITED,Super Auto Forge Private Limited
141400173039,YAMAHA MUSIC GULF FZE,Yamaha Corporation
142400018121,YAMAHA DE MEXICO S.A. DE C.V.,Truper S.A. DE C.V.
081400005962,YAMAHA MUSICAL DO BRASIL LTDA.,What Do You Meme
091400010113,"TOM LEE MUSIC CO.,LTD","ANHUI TECHNOLOGY IMPORT AND EXPORT CO,.LTD."
080300599284,YAMAHA CORPORATION C/O MOL LOGISTIC,Yamaha Corporation
142453215711,"HADDAD APPAREL GROUP, LTD131 DOCKS",Lollytogs LTD DBA LT Apparel Group
240300066069,HADDAD APPAREL,Comint Apparel
149400069882,HOOKER FURNITURE CORPORATION,AISIN CORPORATION
010301339544,YAMAHA CORPORATION,Yamaha Corporation
236400070795,"HADDAD APPAREL GROUP, LTD",Lollytogs LTD DBA LT Apparel Group
237300460468,YAMAHA CORPORATION,Yamaha Corporation
081300247530,XIAOSHAN YAMAHA MUSICAL INSTRUMENTC,Yamaha Corporation
149400076021,HOOKER FURNITURE CORPORATION,AISIN CORPORATION
080300552776,YAMAHA MUSIC ELECTRONICS CHINA,UBILogistics (China) Limited
093300355352,YAMAHA MUSICAL DO BRASIL LTDA.,What Do You Meme
142400447952,PT.YAMAHA ELECTRONICS MANUFACTURING,CIE Manufacturing
236400103740,"HADDAD APPAREL GROUP, LTD",Lollytogs LTD DBA LT Apparel Group
240400000043,HADDAD APPAREL,Comint Apparel
091400110452,YAMAHA MUSIC LATIN AMERICA,Fr. Meyer's Sohn North America LLC
142400361127,YAMAHA MUSIC (ASIA) PRIVATE LIMITED,Super Auto Forge Private Limited
091400116604,YAMAHA MUSIC GULF FZE,Yamaha Corporation
081400031024,YAMAHA CORPORATION JAPAN,Yamaha Corporation
101300093123,YAMAHA MUSICAL DO BRASIL LTDA,What Do You Meme
080300595114,YAMAHA MUSIC (MALAYSIA) SDN.BHD,Yamaha Corporation
142400368326,YAMAHA MUSIC (ASIA) PRIVATE LIMITED,Super Auto Forge Private Limited
141400125922,"YAMAHA MUSIC LATIN AMERICA,S.A.",Fr. Meyer's Sohn North America LLC
142400316831,PT.YAMAHA MUSIK INDONESIA DISTRIBUT,Yamaha Corporation
142303039852,"YAMAHA MUSIC LATIN AMERICA,S.A.",Fr. Meyer's Sohn North America LLC
141300951552,"YAMAHA MUSIC LATIN AMERICA,S.A.",Fr. Meyer's Sohn North America LLC
142400307076,"SIAM MUSIC YAMAHA CO., LTD",Yamaha Motor Co. LTD
146400120688,SUNSET WEST,North West Grains
142400144622,"YAMAHA MUSIC LATIN AMERICA,S.A.",Fr. Meyer's Sohn North America LLC
080400088061,TOM LEE,Sea Cargo s.r.o
146301133251,SUNSET WEST,North West Grains
149308413946,YAMAHA CORPORATION,Yamaha Corporation
080300539117,YAMAHA CORPORATION C/O MOL LOGISTIC,Yamaha Corporation
080400047976,YAMAHA CORPORATION,Yamaha Corporation
141300928950,YAMAHA MUSIC (MALAYSIA) SDN.BHD,Yamaha Corporation
142400319392,YAMAHA MUSIC & ELECTRONICS TAIWAN C,Yamaha Corporation
142303167877,"YCJ,C/O MOL LOGISTICS PASIR GUDANG","MOL Worldwide Logistics, Limited"
146400120688,SUNSET WEST,North West Grains
237300460433,YAMAHA CORPORATION C/O SEIWA INTERN,Yamaha Corporation
237400128708,YAMAHA CORPORATION,Yamaha Corporation
080300548124,YAMAHA CORPORATION,Yamaha Corporation
080400100320,YAMAHA MUSIC ELECTRONICS CHINA,UBILogistics (China) Limited
150350118951,YAMAHA MUSICAL DO BRASIL LTDA.,What Do You Meme
093400038936,YAMAHA MUSIC VIETNAM COMPANY LIMITE,The Proctor & Gamble Company
145499000045,SUNSET WEST,North West Grains
080300595025,SIAM MUSIC YAMAHA CO. LTD,Yamaha Motor Co. LTD
093300355395,"YAMAHA MUSIC LATIN AMERICA, S.A.",Fr. Meyer's Sohn North America LLC
010301129159,YAMAHA MUSIC & ELECTRONICS(CHINA) C,UBILogistics (China) Limited
010400116862,YAMAHA CORPORATION,Yamaha Corporation
093400015235,YAMAHA MUSIC PHILIPPINES INC,DSV Air & Sea Inc.
142400307653,YAMAHA MUSIC & ELECTRONICS TAIWAN C,Yamaha Corporation
101400026372,YAMAHA MUSICAL DO BRASIL LTDA,What Do You Meme
080300599276,YAMAHA CORPORATION C/O MOL LOGISTIC,Yamaha Corporation
093300355352,YAMAHA MUSICAL DO BRASIL LTDA.,What Do You Meme
149401122417,HOOKER FURNITURE CORPORATION,AISIN CORPORATION
149307618846,YAMAHA CORPORATION,Yamaha Corporation
149307477487,YAMAHA MUSIC (MALAYSIA) SDN. BHD,Yamaha Corporation
149400728389,HOOKER FURNITURE CORPORATION,AISIN CORPORATION
142400018121,YAMAHA DE MEXICO S.A. DE C.V.,Truper S.A. DE C.V.
080300532962,YAMAHA CORPORATION OF AMERICA,Yamaha Corporation
080400054930,YAMAHA MUSIC INDIA PRIVATE LIMITED,Super Auto Forge Private Limited
145499001980,SUNSET WEST,North West Grains
142303060402,YAMAHA MUSIC & ELECTRONICS TAIWAN C,Yamaha Corporation
145399011355,SUNSET WEST,North West Grains
010400221355,YAMAHA CORPORATION,Yamaha Corporation
141300951552,"YAMAHA MUSIC LATIN AMERICA,S.A.",Fr. Meyer's Sohn North America LLC
149401008762,YAMAHA CORPORATION,Yamaha Corporation
080400039540,YAMAHA MUSIC (MALAYSIA) SDN.BHD,Yamaha Corporation
080300595114,YAMAHA MUSIC (MALAYSIA) SDN.BHD,Yamaha Corporation
142303532222,YAMAHA MUSIC & ELECTRONICS TAIWAN C,Yamaha Corporation
080300522061,YAMAHA CORPORATION OF AMERICA,Yamaha Corporation
010400116811,YAMAHA CORPORATION,Yamaha Corporation
143451558279,YAMAHA MUSIC AUSTRALIA PTY. LTD.,Manildra Flour Mills PTY LTD
145399011461,SUNSET WEST,North West Grains
010400091443,YAMAHA CORPORATION,Yamaha Corporation
145499000053,SUNSET WEST,North West Grains
240400006042,HADDAD,Haddad Brands
143370960824,PT. YAMAHA MUSIK INDONESIA DISTRIBU,Yamaha Corporation
141400013287,TO ORDER,Sea Cargo s.r.o
238400050872,"HADDAD APPAREL GROUP, LTD",Lollytogs LTD DBA LT Apparel Group
149307664937,YAMAHA MUSIC & ELECTRONICS TAIWAN C,Yamaha Corporation
080300597249,XIAOSHAN YAMAHA MUSICAL,Yamaha Corporation
080300585500,YAMAHA MUSIC & ELECTRONICS TAIWAN C,Yamaha Corporation
143372161490,YAMAHA MUSIC & ELECTRONICS TAIWAN,Yamaha Corporation
142400447978,PT.YAMAHA ELECTRONICS MANUFACTURING,CIE Manufacturing
080400048026,TOM LEE,Sea Cargo s.r.o
081400056272,YAMAHA CORPORATION JAPAN,Yamaha Corporation
093300353406,YAMAHA DE MEXICO S.A.,Truper S.A. DE C.V.
235301429487,HOOKER FURNITURE,Furniture Values International LLC
010400149689,YAMAHA CORPORATION,Yamaha Corporation
130400010169,HADDAD APPAREL GROUP LTD,Lollytogs LTD DBA LT Apparel Group
080400091062,YAMAHA CORPORATION,Yamaha Corporation
091400116604,YAMAHA MUSIC GULF FZE,Yamaha Corporation
010400091346,YAMAHA CORPORATION,Yamaha Corporation
081400025962,YAMAHA CORPORATION,Yamaha Corporation
080300541669,YAMAHA MUSIC ELECTRONICS CHINA,UBILogistics (China) Limited
080400074418,YAMAHA MUSIC GULF FZE,Yamaha Corporation
081400002032,YAMAHA DE MEXICO,Truper S.A. DE C.V.
081300248642,YAMAHA MUSIC LATIN AMERICA,Fr. Meyer's Sohn North America LLC
080300532945,YAMAHA CORPORATION OF AMERICA,Yamaha Corporation
141400149880,"SIAM MUSIC YAMAHA CO., LTD",Yamaha Motor Co. LTD
080300573129,YAMAHA MUSIC & ELECTRONICS TAIWAN C,Yamaha Corporation
149307786978,YAMAHA CORPORATION,Yamaha Corporation
101400011722,YAMAHA MUSICAL DO BRASIL LTDA,What Do You Meme
093400045992,YAMAHA MUSICAL DO BRASIL LTDA.,What Do You Meme
238300141328,"HADDAD APPAREL GROUP, LTD",Lollytogs LTD DBA LT Apparel Group
142400588890,PT.YAMAHA MUSIK INDONESIA DISTRIBUT,Yamaha Corporation
081300240802,YAMAHA CORPORATION C/O MOL LOGISTIC,Yamaha Corporation
081400001974,YAMAHA MUSICAL DO BRASIL LTDA.,What Do You Meme
093400080355,YAMAHA DE MEXICO S.A.,Truper S.A. DE C.V.
093300355352,YAMAHA MUSICAL DO BRASIL LTDA.,What Do You Meme
146400175423,YAMAHA CORPORATION,Yamaha Corporation
236400103740,"HADDAD APPAREL GROUP, LTD",Lollytogs LTD DBA LT Apparel Group
081300261452,YAMAHA MUSICAL DO BRASIL LTDA.,What Do You Meme
010400116811,YAMAHA CORPORATION,Yamaha Corporation
091400022545,YAMAHA MUSIC GULF FZE,Yamaha Corporation
081300223703,YAMAHA CORPORATION,Yamaha Corporation
235301394772,HOOKER FURNITURE,Furniture Values International LLC
149401122417,HOOKER FURNITURE CORPORATION,AISIN CORPORATION
093400075114,YAMAHA MUSIC VIETNAM COMPANY LIMITE,The Proctor & Gamble Company
010400116811,YAMAHA CORPORATION,Yamaha Corporation
146400182365,YAMAHA MUSIC GULF FZE,Yamaha Corporation
010400081936,YAMAHA ELECTRONICS MANUFACTURING(M),CIE Manufacturing
149401302920,"HADDAD APPAREL GROUP, LTD",Lollytogs LTD DBA LT Apparel Group
080400080035,YAMAHA CORPORATION,Yamaha Corporation
080400042028,YAMAHA CANADA MUSIC LTD. VANCOUVER,Yamaha Motor Co. LTD
238400050278,"HADDAD APPAREL GROUP, LTD",Lollytogs LTD DBA LT Apparel Group
080300596005,YAMAHA MUSIC GULF FZE,Yamaha Corporation
080300584945,YAMAHA DE MEXICO S.A. DE C.V.,Truper S.A. DE C.V.
080400066270,XIAOSHAN YAMAHA MUSICAL,Yamaha Corporation
081300248129,YAMAHA CORPORATION,Yamaha Corporation
141300928950,YAMAHA MUSIC (MALAYSIA) SDN.BHD,Yamaha Corporation
080400024488,YAMAHA CORPORATION,Yamaha Corporation
149400257734,PT.YAMAHA ELECTRONICS MANUFACTURING,CIE Manufacturing
010301210657,PT YAMAHA MUSIC MANUFACTURING ASIA,CIE Manufacturing
010400149689,YAMAHA CORPORATION,Yamaha Corporation
091400110339,YAMAHA CORPORATION,Yamaha Corporation
080400014288,YAMAHA MUSIC (MALAYSIA) SDN.BHD,Yamaha Corporation
080400022965,YAMAHA CORPORATION OF AMERICA,Yamaha Corporation
149308416571,YAMAHA CORPORATION,Yamaha Corporation
141400013252,YAMAHA MUSIC GULF FZE,Yamaha Corporation
141400013252,YAMAHA MUSIC GULF FZE,Yamaha Corporation
080300587197,YAMAHA CORPORATION OF AMERICA,Yamaha Corporation
080400005629,"TOM LEE MUSIC CO., LTD.","ANHUI TECHNOLOGY IMPORT AND EXPORT CO,.LTD."
091400061109,YAMAHA CORPORATION,Yamaha Corporation
142400363732,PT.YAMAHA ELECTRONICS MANUFACTURING,CIE Manufacturing
130400006412,HADDAD APPAREL GROUP LTD,Lollytogs LTD DBA LT Apparel Group
080400030462,YAMAHA CANADA MUSIC LTD. VANCOUVER,Yamaha Motor Co. LTD
141300928968,YAMAHA MUSIC VIETNAM COMPANY LIMITE,The Proctor & Gamble Company
080400024305,YAMAHA CORPORATION OF AMERICA,Yamaha Corporation
237400096334,YAMAHA CORPORATION,Yamaha Corporation
145399011479,SUNSET WEST,North West Grains
080400104368,YAMAHA MUSIC ELECTRONICS CHINA,UBILogistics (China) Limited
080400024267,YAMAHA CORPORATION OF AMERICA,Yamaha Corporation
091400048544,YAMAHA MUSIC LATIN AMERICA,Fr. Meyer's Sohn North America LLC
080400010712,YAMAHA MUSIC GULF FZE,Yamaha Corporation
080400077484,YAMAHA CORPORATION,Yamaha Corporation
080400024500,YAMAHA CORPORATION,Yamaha Corporation
010400038089,YAMAHA CORPORATION,Yamaha Corporation
149307921590,YAMAHA CORPORATION,Yamaha Corporation
080300489845,YAMAHA MUSIC ELECTRONICS CHINA,UBILogistics (China) Limited
080400065273,YAMAHA CORPORATION OF AMERICA,Yamaha Corporation
010400149727,YAMAHA CORPORATION,Yamaha Corporation
143370960743,YAMAHA MUSIC GULF FZE,Yamaha Corporation
010400150105,YAMAHA ELECTRONICS MANUFACTURING(M),CIE Manufacturing
080300595742,YAMAHA CORPORATION,Yamaha Corporation
080300552938,YAMAHA DE MEXICO S.A. DE C.V.,Truper S.A. DE C.V.
080400101750,YAMAHA CORPORATION JAPAN,Yamaha Corporation
091330559112,YAMAHA CORPORATION,Yamaha Corporation
080400065320,YAMAHA CORPORATION OF AMERICA,Yamaha Corporation
101300088456,YAMAHA MUSICAL DO BRASIL LTDA,What Do You Meme
010301129159,YAMAHA MUSIC & ELECTRONICS(CHINA) C,UBILogistics (China) Limited
081400006012,XIAOSHAN YAMAHA MUSICAL INSTRUMENTC,Yamaha Corporation
149401045332,SHENZHEN YAMAHA MUSIC&ELECTRONICS T,SHENZHEN VANOCEAN INTERNATIONAL FREIGHT LIMITED
080400024305,YAMAHA CORPORATION OF AMERICA,Yamaha Corporation
141300928976,YAMAHA MUSIC GULF FZE,Yamaha Corporation
080400037491,YAMAHA CORPORATION C/O MOL LOGISTIC,Yamaha Corporation
080400022973,YAMAHA CORPORATION OF AMERICA,Yamaha Corporation
081300248102,YAMAHA CORPORATION,Yamaha Corporation
081400011864,YAMAHA CORPORATION JAPAN,Yamaha Corporation
081300248404,YAMAHA MUSICAL DO BRASIL LTDA.,What Do You Meme
091400048544,YAMAHA MUSIC LATIN AMERICA,Fr. Meyer's Sohn North America LLC
080400077336,YAMAHA CANADA MUSIC LTD.,Yamaha Motor Co. LTD
142400334898,YAMAHA MUSICAL DO BRASIL LTDA.,What Do You Meme
143451583290,YAMAHA MUSIC AUSTRALIA PTY. LTD.,Manildra Flour Mills PTY LTD
080400024470,YAMAHA CORPORATION,Yamaha Corporation
240400008630,HADDAD,Haddad Brands
142400447978,PT.YAMAHA ELECTRONICS MANUFACTURING,CIE Manufacturing
010400149808,YAMAHA CORPORATION,Yamaha Corporation
081400006577,YAMAHA CORPORATION,Yamaha Corporation
093300387505,"YAMAHA MUSIC LATIN AMERICA, S.A.",Fr. Meyer's Sohn North America LLC
080300541707,YAMAHA CORPORATION C/O MOL LOGISTIC,Yamaha Corporation
080400078707,YAMAHA CANADA MUSIC LTD. VANCOUVER,Yamaha Motor Co. LTD
010301218992,YAMAHA CORPORATION,Yamaha Corporation
080400076062,YAMAHA CORPORATION,Yamaha Corporation
080300599284,YAMAHA CORPORATION C/O MOL LOGISTIC,Yamaha Corporation
238300142235,"HADDAD APPAREL GROUP, LTD",Lollytogs LTD DBA LT Apparel Group
010400116862,YAMAHA CORPORATION,Yamaha Corporation
TPEM46802800,"CARPARTS.COM, INC","Carparts.com, Inc."
TPEM18883500,"CARPARTS.COM, INC","Carparts.com, Inc."
TPEM11010200,"CARPARTS.COM, INC","Carparts.com, Inc."
TPEM94432300,"CARPARTS.COM, INC.","Carparts.com, Inc."
5294554,"CROCS, INC.","Crocs, Inc."
TPEM31436900,"CARPARTS.COM, INC.","Carparts.com, Inc."
TPEM73433700,"CARPARTS.COM, INC","Carparts.com, Inc."
TPEM33448300,"CARPARTS.COM, INC","Carparts.com, Inc."
TPEM56603900,"CARPARTS.COM, INC.","Carparts.com, Inc."
TPEM45794400,"CARPARTS.COM, INC.","Carparts.com, Inc."
SHAZ67042200,"CARPARTS.COM, INC","Carparts.com, Inc."
NKGE30277000,YUSEN LOGISTICS(BENELUX) B.V.,Yusen Logistics (Americas) Inc.
TPEM50281200,"CARPARTS.COM, INC.","Carparts.com, Inc."
TPEM98785000,"CARPARTS.COM, INC.","Carparts.com, Inc."
TPEM18414700,"CARPARTS.COM, INC.","Carparts.com, Inc."
TPEM46116300,"CARPARTS.COM, INC","Carparts.com, Inc."
TPEM34359300,"CARPARTS.COM, INC.","Carparts.com, Inc."
TPEM65440000,"CARPARTS.COM, INC.","Carparts.com, Inc."
NBOZ98077400,"CARPARTS.COM, INC","Carparts.com, Inc."
5276585,"CROCS, INC.","Crocs, Inc."
TPEM58052000,"CARPARTS.COM, INC.","Carparts.com, Inc."
5309246,"CROCS, INC.","Crocs, Inc."
TPEM73196000,"CARPARTS.COM, INC.","Carparts.com, Inc."
TPEM16313600,"CARPARTS.COM, INC.","Carparts.com, Inc."
TAOZ38141000,"CARPARTS.COM, INC","Carparts.com, Inc."
TPEM06360400,"CARPARTS.COM, INC.","Carparts.com, Inc."
TPEM26773100,"CARPARTS.COM, INC.","Carparts.com, Inc."
TPEM55768500,"CARPARTS.COM, INC.","Carparts.com, Inc."
TPEM17958300,"CARPARTS.COM, INC.","Carparts.com, Inc."
TPEM78602400,"CARPARTS.COM, INC.","Carparts.com, Inc."
5309402,"CROCS, INC.","Crocs, Inc."
TPEM70323600,"CARPARTS.COM, INC.","Carparts.com, Inc."
TPEM40912200,"CARPARTS.COM, INC","Carparts.com, Inc."
TPEM92662900,"CARPARTS.COM, INC.","Carparts.com, Inc."
TPEM96277700,"CARPARTS.COM, INC.","Carparts.com, Inc."
TPEM31772600,"CARPARTS.COM, INC","Carparts.com, Inc."
TPEM99601000,"CARPARTS.COM, INC","Carparts.com, Inc."
TPEM04017000,"CARPARTS.COM, INC.","Carparts.com, Inc."
TPEM56594000,"CARPARTS.COM, INC.","Carparts.com, Inc."
TPEM17884100,"CARPARTS.COM, INC.","Carparts.com, Inc."
SHAZ02354900,"CARPARTS.COM, INC","Carparts.com, Inc."
TPEM77397600,"CARPARTS.COM, INC.","Carparts.com, Inc."
TPEM07405600,"CARPARTS.COM, INC.","Carparts.com, Inc."
TPEM50311100,"CARPARTS.COM, INC.","Carparts.com, Inc."
5369290,"CROCS, INC.","Crocs, Inc."
TPEM19728700,"CARPARTS.COM, INC.","Carparts.com, Inc."
5403394,"CROCS, INC.","Crocs, Inc."
TPEM53158100,"CARPARTS.COM, INC.","Carparts.com, Inc."
TPEM07913900,"CARPARTS.COM, INC.","Carparts.com, Inc."
TPEM67314600,"CARPARTS.COM, INC.","Carparts.com, Inc."
TPEM50311100,"CARPARTS.COM, INC.","Carparts.com, Inc."
TPEM78602400,"CARPARTS.COM, INC.","Carparts.com, Inc."
TPEM97871100,"CARPARTS.COM, INC.","Carparts.com, Inc."
TPEM35859300,"CARPARTS.COM, INC","Carparts.com, Inc."
TPEM00840900,"CARPARTS.COM, INC.","Carparts.com, Inc."
TPEM95813200,"CARPARTS.COM, INC.","Carparts.com, Inc."
TPEM51664800,"CARPARTS.COM, INC.","Carparts.com, Inc."
TPEM71974700,"CARPARTS.COM, INC","Carparts.com, Inc."
TPEM73758900,"CARPARTS.COM, INC.","Carparts.com, Inc."
SHAZ27954600,"CARPARTS.COM, INC","Carparts.com, Inc."
TPEM56603900,"CARPARTS.COM, INC.","Carparts.com, Inc."
SHAZ60913300,"CARPARTS.COM, INC","Carparts.com, Inc."
TPEM87131700,"CARPARTS.COM, INC","Carparts.com, Inc."
TPEM41183500,"CARPARTS.COM, INC.","Carparts.com, Inc."
TPEM63763400,"CARPARTS.COM, INC","Carparts.com, Inc."
TPEM11061400,"CARPARTS.COM, INC.","Carparts.com, Inc."
TPEM39630700,"CARPARTS.COM, INC","Carparts.com, Inc."
TPEM69984000,"CARPARTS.COM, INC","Carparts.com, Inc."
TPEM96964400,"CARPARTS.COM, INC","Carparts.com, Inc."
TPEM25769100,"CARPARTS.COM, INC.","Carparts.com, Inc."
TPEM73944600,"CARPARTS.COM, INC.","Carparts.com, Inc."
TPEM60630600,"CARPARTS.COM, INC.","Carparts.com, Inc."
TPEM29639300,"CARPARTS.COM, INC.","Carparts.com, Inc."
TPEM58052000,"CARPARTS.COM, INC.","Carparts.com, Inc."
TPEM79062800,"CARPARTS.COM, INC","Carparts.com, Inc."
TPEM70751000,"CARPARTS.COM, INC.","Carparts.com, Inc."
TPEM05244100,"CARPARTS.COM, INC.","Carparts.com, Inc."
NKGM38116100,"CARPARTS.COM, INC","Carparts.com, Inc."
TPEM03263300,"CARPARTS.COM, INC.","Carparts.com, Inc."
TPEM55172100,"CARPARTS.COM, INC.","Carparts.com, Inc."
SHAZ70595700,"CARPARTS.COM, INC","Carparts.com, Inc."
TPEM82714000,"CARPARTS.COM, INC.","Carparts.com, Inc."
TPEM32744100,"CARPARTS.COM, INC.","Carparts.com, Inc."
TPEM58765300,"CARPARTS.COM, INC.","Carparts.com, Inc."
TPEM78662000,"CARPARTS.COM, INC","Carparts.com, Inc."
TPEM25080600,"CARPARTS.COM, INC.","Carparts.com, Inc."
TPEM03016900,"CARPARTS.COM, INC.","Carparts.com, Inc."
TPEM35454300,"CARPARTS.COM, INC.","Carparts.com, Inc."
TPEM73219100,"CARPARTS.COM, INC.","Carparts.com, Inc."
TPEM82418600,"CARPARTS.COM, INC","Carparts.com, Inc."
TPEM18960600,"CARPARTS.COM, INC.","Carparts.com, Inc."
NBOZ98170300,"CARPARTS.COM, INC","Carparts.com, Inc."
TPEM28386000,"CARPARTS.COM, INC.","Carparts.com, Inc."
TPEM86462900,"CARPARTS.COM, INC.","Carparts.com, Inc."
TPEM70323600,"CARPARTS.COM, INC.","Carparts.com, Inc."
TPEM11061400,"CARPARTS.COM, INC.","Carparts.com, Inc."
TPEM86235600,"CARPARTS.COM, INC.","Carparts.com, Inc."
TPEM47015500,"CARPARTS.COM, INC.","Carparts.com, Inc."
TPEM41658100,"CARPARTS.COM, INC.","Carparts.com, Inc."
TPEM35481800,"CARPARTS.COM, INC.","Carparts.com, Inc."
TPEM26292400,"CARPARTS.COM, INC.","Carparts.com, Inc."
5276490,HEY DUDE INC,DSV Air & Sea Inc.
5410246,"CROCS, INC.","Crocs, Inc."
TPEM47267000,"CARPARTS.COM, INC","Carparts.com, Inc."
TPEM49788300,"CARPARTS.COM, INC","Carparts.com, Inc."
TPEM47015500,"CARPARTS.COM, INC.","Carparts.com, Inc."
NBOZ98186900,"CARPARTS.COM, INC","Carparts.com, Inc."
TPEM27982100,"CARPARTS.COM, INC.","Carparts.com, Inc."
TPEM19250800,"CARPARTS.COM, INC","Carparts.com, Inc."
BKF2024020309312960KRO0,"CROCS, INC.","Crocs, Inc."
TPEM52680500,"CARPARTS.COM, INC.","Carparts.com, Inc."
TPEM93378400,"CARPARTS.COM, INC.","Carparts.com, Inc."
TPEM90245400,"CARPARTS.COM, INC.","Carparts.com, Inc."
TPEM55552600,"CARPARTS.COM, INC.","Carparts.com, Inc."
TPEM72893000,"CARPARTS.COM, INC.","Carparts.com, Inc."
TPEM60630600,"CARPARTS.COM, INC.","Carparts.com, Inc."
TPEM56594000,"CARPARTS.COM, INC.","Carparts.com, Inc."
TPEM54680500,"CARPARTS.COM, INC.","Carparts.com, Inc."
TPEM88801100,"CARPARTS.COM, INC","Carparts.com, Inc."
TPEM46014300,"CARPARTS.COM, INC","Carparts.com, Inc."
TPEM40233300,"CARPARTS.COM, INC.","Carparts.com, Inc."
TPEM07082400,"CARPARTS.COM, INC","Carparts.com, Inc."
TPEM85667300,"CARPARTS.COM, INC.","Carparts.com, Inc."
5276585,"CROCS, INC.","Crocs, Inc."
TPEM73233700,"CARPARTS.COM, INC.","Carparts.com, Inc."
TPEM41658100,"CARPARTS.COM, INC.","Carparts.com, Inc."
TPEM91674700,"CARPARTS.COM, INC.","Carparts.com, Inc."
BKF20240125152848158RCEH,"CROCS, INC.","Crocs, Inc."
TPEM73758900,"CARPARTS.COM, INC.","Carparts.com, Inc."
TPEM59027300,"CARPARTS.COM, INC.","Carparts.com, Inc."
TPEM72424300,"CARPARTS.COM, INC.","Carparts.com, Inc."
TPEM14209500,"CARPARTS.COM, INC.","Carparts.com, Inc."
TPEM94409400,"CARPARTS.COM, INC.","Carparts.com, Inc."
TPEM59778600,"CARPARTS.COM, INC","Carparts.com, Inc."
TPEM94640100,"CARPARTS.COM, INC.","Carparts.com, Inc."
TPEM73219100,"CARPARTS.COM, INC.","Carparts.com, Inc."
TPEM80796300,"CARPARTS.COM, INC.","Carparts.com, Inc."
TPEM98785000,"CARPARTS.COM, INC.","Carparts.com, Inc."
TPEM97871100,"CARPARTS.COM, INC.","Carparts.com, Inc."
NBOZ99405000,"CARPARTS.COM, INC","Carparts.com, Inc."
TPEM13156200,"CARPARTS.COM, INC.","Carparts.com, Inc."
TPEM30970800,"CARPARTS.COM, INC.","Carparts.com, Inc."
TAOM98318500,"CARPARTS.COM, INC.","Carparts.com, Inc."
TPEM40329000,"CARPARTS.COM, INC.","Carparts.com, Inc."
TPEM96182400,"CARPARTS.COM, INC.","Carparts.com, Inc."
TPEM67424500,"CARPARTS.COM, INC","Carparts.com, Inc."
TPEM69821000,"CARPARTS.COM, INC.","Carparts.com, Inc."
TPEM63092700,"CARPARTS.COM, INC.","Carparts.com, Inc."
TPEM22055400,"CARPARTS.COM, INC.","Carparts.com, Inc."
TPEM25804800,"CARPARTS.COM, INC.","Carparts.com, Inc."
5309246,"CROCS, INC.","Crocs, Inc."
TPEM93158900,"CARPARTS.COM, INC.","Carparts.com, Inc."
TPEM67871900,"CARPARTS.COM, INC.","Carparts.com, Inc."
